1.0,-6.187818157049184,-1.2670996549254325
2.0,-0.029916232202916886,2.9950916573261614
3.0,-1.6262600498235877,-5.451602671238193
4.0,-1.777355080602994,1.8986379680934529
5.0,-1.070051033112546,2.393315420265413
6.0,-0.021700573961225794,3.2654667787298726
7.0,1.179855704774858,-3.284862854720951
8.0,-2.794625043405419,-2.8226064990911066
9.0,-0.6441894809522362,4.69972901317651
10.0,-5.843231125542972,-1.2999869065318332
11.0,5.851178031474323,0.8728618321348101
12.0,-1.0186608236293304,-5.4893903690679835
13.0,-3.4063188166754697,-1.2357650100801916
14.0,5.479893140493008,2.5974916594705633
15.0,0.7308800185903581,-4.463867180411694
16.0,7.293051626449271,5.396743725823897
17.0,4.687210472299407,2.8266992522283623
18.0,0.9276282944888901,-2.702162359908822
19.0,-0.6871197928074934,2.37418556254715
20.0,1.5712298708115975,-1.913719563321086
21.0,3.5168296126778436,-4.839138522415896
22.0,-6.059474730978102,-0.5006932800086041
23.0,1.5038041538713613,-2.56183639360314
24.0,5.606107250255649,2.889008339688426
25.0,5.09916289859891,1.7389821086588033
26.0,1.068117340284243,-5.4328684379783425
27.0,-4.39972769682279,-4.375531702412669
28.0,-2.3223820696541475,7.588112616289622
29.0,1.411967160468585,-3.1854641096308765
30.0,4.712189834875514,1.8976969680396394
31.0,1.0618953632388157,-2.601058090089938
32.0,-6.431644576838748,-1.612084247501191
33.0,3.640233489259809,3.7617744810215212
34.0,1.6141726360771513,-5.490442410195939
35.0,-0.010477118493148523,2.864792881263688
36.0,-1.6431997101633105,1.0811419634476518
37.0,2.1076970832041004,-3.0707354186514344
38.0,4.988481557720608,-3.963806917057532
39.0,0.8649130652833239,1.1269602714194698
40.0,5.911578372407553,1.4522963618818487
41.0,-5.0860381328282545,-0.9510675544165612
42.0,-6.036897489320296,-1.8922591950680994
43.0,3.1500998739573105,2.0410713726442253
44.0,6.80827578210676,6.018951171762586
45.0,-5.718827745817841,-2.7101251187234023
46.0,5.303034461135103,2.284987671352047
47.0,-0.05281246292868132,3.211977966114049
48.0,3.247709195399416,3.6046551351673823
49.0,-2.9799059067883484,5.312775597887203
50.0,-4.2444172786680925,-3.6289535246096825
51.0,6.078973945281573,-0.0853623297449147
52.0,-0.6205451390534007,3.2316131407315503
53.0,5.021375444953057,2.552968853451921
54.0,-0.007158996977218131,1.9442336553778323
55.0,-4.7950203679973935,-4.214038199997427
56.0,1.9961100340537845,-4.19637103738592
57.0,1.549725912077531,-4.100516065475147
58.0,-2.534956136393844,-1.5273968513222138
59.0,-3.952238472161609,-4.774017357986787
60.0,4.067773578336141,-4.697663946889121
61.0,-4.7070308398978185,-4.709233687839827
62.0,0.14602487311040396,2.1682737643027914
63.0,5.207443103871187,2.4825751392861393
64.0,-4.51969832703691,-3.3702560686452783
65.0,-1.5481855911732911,-5.47972081604111
66.0,3.8694304884672763,-5.367530223376439
67.0,1.3667196988925199,3.5713970212410073
68.0,3.801841696367304,3.75651395748204
69.0,0.8382485777430698,-4.125101837004581
70.0,-0.6516201409263037,4.046856299901562
71.0,-1.3782690139817284,1.9225336881326303
72.0,-0.9984988995627732,1.1909014840099268
73.0,-5.323369688267503,-1.9175348285478708
74.0,-0.5826300453577642,1.9272548980598194
75.0,5.793663907576902,2.7472776799694985
76.0,5.710313082759571,6.239679721464341
77.0,4.25847706216344,-4.09646182947505
78.0,-3.1041646177771693,-2.070292958301267
79.0,3.260461343312467,-3.9953897157431952
80.0,-5.035344639445241,-3.4818559370447617
81.0,2.3641320995905475,-1.9578899730477115
82.0,5.027691859109537,1.4064111044593135
83.0,-4.843718209515243,-3.4213805730734697
84.0,3.4802076332213976,-4.996921291877722
85.0,3.0343184883385317,-4.980128376142661
86.0,3.825468379167226,2.0745872751589096
87.0,-2.8741819205557517,6.607280631897469
88.0,6.561247929203907,5.604865403199683
89.0,-2.2641022948458644,-6.684136580071063
90.0,-1.0683950381818172,3.2122894195169933
91.0,3.819308171519913,-4.061684868276676
92.0,-3.453198337754266,-0.6873140747796721
93.0,-1.9881799180027027,-5.9109293979556705
94.0,-0.4057521060525491,1.6084777504355297
95.0,5.151900097329813,3.1246752166859175
96.0,-1.8944789531354345,-7.064296878749442
97.0,5.627773804977392,2.5213864638770573
98.0,1.4796465647245927,-2.485956853740763
99.0,1.789904845536898,-3.4814741750226963
100.0,4.213506862388782,3.3051940558611586
101.0,-1.4079080663134242,0.7433324605065564
102.0,8.557762984605528,-0.9991047619627033
103.0,8.169157711797506,-4.599014630956386
104.0,1.8974005136436376,-3.5513092512307582
105.0,-3.057171615435624,-2.1370146725996326
106.0,3.434208467848634,-2.666492210372675
107.0,-0.6552144625956802,3.541143701607117
108.0,1.7874930173159729,-2.4460991963102887
109.0,-0.022892059137480002,3.7279969925310965
110.0,-1.0809567059425191,1.8209360732838626
111.0,-2.187591116241143,1.8965981825005565
112.0,6.059782267588478,5.5653782997690495
113.0,-2.660103633173906,7.884604761317562
114.0,-4.416276677052598,-3.173278470683278
115.0,-1.3149059018881954,2.4177839911127132
116.0,7.387771188245834,5.357374024513059
117.0,6.048812947953932,5.951438753417144
118.0,0.6877079157409006,3.2666737995658353
119.0,-0.40293989237654276,3.4242716221579967
120.0,-5.038541846002254,4.40204582336201
121.0,4.0344213829410185,3.365005574354315
122.0,-1.5813802933226084,-7.61479383994388
123.0,-0.8223235972370763,3.267308190167654
124.0,-2.111019657392976,2.2391829515280697
125.0,6.525391000741183,5.235522791500213
126.0,8.579513996847947,-3.7161583071707365
127.0,1.0600679289973702,-3.5222372134491695
128.0,8.27485904053447,-1.519975506713525
129.0,-4.267833189687575,-4.8464020693090815
130.0,-5.387069383456325,-2.140771828933047
131.0,7.828777234876565,-3.4881241430484042
132.0,3.2004093473409503,2.2397059928037244
133.0,-2.104071017741542,1.432859199098105
134.0,-6.2592545829538215,-1.6998279174868187
135.0,1.4795146232315228,-2.4826652998259084
136.0,-0.34584004450252576,2.305346611826654
137.0,0.8838726081067553,2.0412829528347256
138.0,-4.622543212392269,3.9236884017577163
139.0,-1.8628013609132763,-6.997829418942252
140.0,-4.2581748883287345,3.2470000678033046
141.0,-1.8302986884561558,-5.805714703849657
142.0,0.5399110860370447,1.6322081989766244
143.0,-3.4333622438197895,-1.8496359495797472
144.0,-1.619079878697249,-7.688565454857895
145.0,3.9626561747363387,3.5302294319709056
146.0,0.8286356945836406,1.4597579546159059
147.0,-4.020996519845569,-1.7094609743856664
148.0,0.700819924776361,4.275996256869244
149.0,-5.835729595345029,-1.2119275295448677
150.0,3.5751101064196176,-5.188428469758698
151.0,3.0631849740569623,-4.940193332261894
152.0,-3.0298643511082313,-2.004359185392999
153.0,-4.554881782965645,-4.6779823286867
154.0,-4.583697189777892,4.014440128452059
155.0,-5.676317314739931,-1.8793549852948488
156.0,1.8888928058009604,-4.623990390142549
157.0,-2.9646510137730084,7.995634703500289
158.0,-0.09661359284959883,3.633354689964333
159.0,-3.3857274798259884,-4.8809791983183475
160.0,-0.6803296250987488,2.5746585125814727
161.0,-3.98740771549436,5.591411680690561
162.0,-2.6425128991072455,-4.666474046997355
163.0,4.314965737943657,2.5318327918945256
164.0,0.31664216079052165,1.8747217433857821
165.0,-0.8187973791638119,1.4714241531907062
166.0,6.922390660208876,4.824651589589077
167.0,-1.2055528538603681,2.8724334220981342
168.0,-5.774613451113816,-0.7710637546539397
169.0,-1.5225700808464078,2.945564608243172
170.0,8.179037504145999,-3.703192097954666
171.0,1.776727630199368,-3.9044254198132102
172.0,0.9414858095457382,2.6567629724141084
173.0,-3.197216064578737,-2.182161728522762
174.0,2.6541060949711,1.924987436234774
175.0,-0.9080209864104336,4.54215638057468
176.0,2.858231907190151,2.578656385384961
177.0,-2.1042356981233854,-5.57487670952394
178.0,3.572271948048515,-4.6931669361106945
179.0,-0.6083501013341305,3.0126614485262615
180.0,-4.991651979148259,-1.9824053490098414
181.0,5.29433377237915,0.34650352380300226
182.0,-2.178728850234296,-4.148634122898588
183.0,-1.166219149940422,1.4777793748306256
184.0,-5.257636556369288,-2.7130882322621575
185.0,-1.720528351865766,3.00776604667151
186.0,-1.1788391382746586,1.6568383469424266
187.0,-1.5034402444647184,1.4707092156622836
188.0,-4.295911287989991,-2.073307144840654
189.0,4.2808101770263125,-3.4736582742386064
190.0,0.9324682708178463,-2.164625276812691
191.0,0.28479290924908673,3.0316668739093826
192.0,6.88334584162263,5.131103400803116
193.0,-1.855796261284778,1.1997877339501841
194.0,-4.668085832740668,-3.4758493468954375
195.0,3.0876211873318162,2.5976850120934314
196.0,-4.489779185409102,-4.1733219743062
197.0,8.535374578642086,-4.228086096484835
198.0,-4.378989017249823,-3.8957270269583977
199.0,-2.844509094693622,5.608762142713052
200.0,8.740983762891847,-0.1785510400611257
201.0,2.1209720202697895,-4.165501210480517
202.0,1.9533560481317807,-4.319829864066106
203.0,4.32237847907209,-4.9410950816779415
204.0,0.4699926085484887,-2.5948974103110722
205.0,-0.20046479394146588,2.3611939300864084
206.0,-2.78067548056314,5.588185928676027
207.0,0.13991871996636368,1.4248427910194814
208.0,-5.943471043281593,-1.360782937558758
209.0,-0.03656051601849009,2.9637695368681003
210.0,5.755983328296743,1.2882272753776758
211.0,-3.209406497552328,5.633085543465952
212.0,-0.9627837535780954,2.5320119299008588
213.0,1.8142727218214316,-3.8203388145784887
214.0,3.937928726774466,-5.127637631663206
215.0,6.2062440792213955,5.808086240138912
216.0,8.603687540374358,-4.2208008300958015
217.0,-1.8914553758214459,2.660553417573655
218.0,-1.7127089269865443,1.3844662603647677
219.0,-6.089118289116105,-1.5990382180570308
220.0,3.945349605423001,-4.466571657055009
221.0,-0.591334054608065,2.7214332240118613
222.0,1.5188261934310703,-3.564535779351283
223.0,-6.781075686848925,-0.45487492451614286
224.0,8.337480443763447,-3.8231160827194572
225.0,3.4804262997519038,-5.40086055669445
226.0,-1.2209078639185842,2.399515860094336
227.0,8.945775481173143,-0.1366122484759248
228.0,5.689485665981209,2.1815743367716633
229.0,3.6888782361361105,-4.922804899179325
230.0,8.069087765523161,-4.280683266311296
231.0,-5.694262049413883,-2.7182101199818507
232.0,-2.554480554964123,-5.030975677498007
233.0,-6.093934147442372,-1.8570389916749452
234.0,-2.029756907810775,-7.0445605812436165
235.0,-1.3085270209722841,3.029668310160297
236.0,-6.081364619853243,-1.8738944813650253
237.0,-1.2458429335903498,4.648709539342964
238.0,0.9326110944192515,-3.869786960644543
239.0,7.874298495932292,1.2878602175138385
240.0,-3.804668796165917,5.362544052215975
241.0,-1.7533094240288958,2.8996439321010055
242.0,-1.6645565614846278,-4.69941624925219
243.0,-1.0973230555993956,4.578439541676302
244.0,-4.862568740945834,-4.450801756473857
245.0,-2.8255622611860334,8.035422897097057
246.0,-5.3767338983601505,-2.3438659025182456
247.0,-2.9252271835772663,7.544741407795882
248.0,1.1241583590338509,1.9217084536592945
249.0,4.0398964816616525,-5.192613877494154
250.0,8.602858394228619,-1.4369951246087236
251.0,-2.2615695951232824,2.017786341514894
252.0,-0.3132668891342214,2.519843943566619
253.0,-2.1411044440539464,-5.227823667940668
254.0,-1.8780504753196512,-4.14606267886733
255.0,6.158212933544044,0.29046317804765065
256.0,-3.8164257764176437,-3.1364081058894047
257.0,-1.9453055704649589,-5.670375239099948
258.0,1.2820421622907028,-3.20609458314405
259.0,-1.4528578171552042,-7.304783768612198
260.0,9.382637297657384,-1.087160656113761
261.0,-3.589761470219369,-2.2027850035026724
262.0,8.416066380984788,-4.499452267923122
263.0,2.986414065246314,2.315886698692905
264.0,2.65690649195945,2.0862941011254668
265.0,-0.037954676258374904,1.729456295700507
266.0,-6.509433428804617,-0.9525580126159119
267.0,3.8955937891769277,-4.0741659285548275
268.0,-5.737885926304217,-2.3351607935474483
269.0,0.0743633741076067,3.8112482893860378
270.0,6.513163554691601,1.1700619173776328
271.0,-4.246343397077237,3.947271421419427
272.0,-1.7293694744468582,2.1930451701562323
273.0,-1.8133819402889912,2.876306491595519
274.0,1.118044577606246,-1.9647064187183432
275.0,-4.407803101263729,-3.6080834892381035
276.0,-2.844694203775065,5.844289318139051
277.0,-2.8341130725134684,-2.1604133704519586
278.0,5.578293265226918,1.3382508394403312
279.0,-0.012413136175399598,1.7797301591737367
280.0,4.923208555831649,-3.792820986815715
281.0,6.147103441735878,0.5675617893213443
282.0,-0.38954564059134333,1.2766402693996914
283.0,9.147553379646437,-0.08747603513009768
284.0,-1.512113804123742,2.1363134034326006
285.0,8.190582781751518,-3.908919452491356
286.0,-3.3323888757599676,-2.3762307184353717
287.0,5.431465716730137,1.5892729769147254
288.0,-2.2100188389858997,-6.770747624610601
289.0,-4.919926409472228,-3.3187194057518905
290.0,2.8147655390933513,2.1912026525818358
291.0,5.651737914659682,1.166257236370615
292.0,-5.291113258261491,-0.1938594813217877
293.0,-1.102578250880975,2.2894791557219882
294.0,-5.861391109494598,0.7276366912221142
295.0,8.414334062248757,-4.17713705253352
296.0,-2.7056243107204234,7.3514166000063765
297.0,-4.425092051553007,-4.525848620448679
298.0,3.697108859998323,2.548378642464272
299.0,3.701357362966972,-5.200635292796868
300.0,-1.3697291222140857,2.1303374257090493
301.0,-4.943436040876154,-3.446874506413001
302.0,3.9039057780118633,-4.1603571291662975
303.0,5.994652728083609,0.8685220127793509
304.0,-1.532817712064421,-4.8696771410306345
305.0,5.869667164478074,1.8689988011518213
306.0,-0.3979677318146494,4.307122899392635
307.0,-1.9229625961930024,2.121750047314345
308.0,3.6539352701490286,-5.626966324888186
309.0,9.21358706997191,-0.7481844964784308
310.0,8.916702286071269,-0.5793087181240802
311.0,0.6993436518506757,-1.4406998752887887
312.0,-1.7206086803838598,-4.605061249062859
313.0,-0.6943473396204243,3.5674728337146835
314.0,1.088262611740312,-3.11947498861411
315.0,7.394387398351064,-3.8057713767551244
316.0,-0.8631727676657186,1.2363284416434646
317.0,-2.042680347574514,-6.604033102478556
318.0,0.7681250777072774,-2.7465405692114397
319.0,-2.6771744698810482,-4.663083495840077
320.0,4.024985924528722,-5.070837798976128
321.0,-4.42574327132603,-5.0545711602677805
322.0,-1.8149963153005548,2.8656554183199194
323.0,-4.708595213367165,3.222491467131187
324.0,5.66451182944234,0.7824189809346023
325.0,-0.23528590237751817,1.9492853014125529
326.0,-1.2725716163648133,1.4990992368891405
327.0,-3.8254290552694736,-4.4069693244182755
328.0,0.6042474928370424,3.243268016171642
329.0,-0.57444591736201,2.219233564710232
330.0,5.437881367751777,1.7651084191217716
331.0,-5.491672995262441,-3.218411520694537
332.0,3.062968005443654,-5.847426827311024
333.0,-3.5513812549455936,5.718245693692981
334.0,-5.1153836150654515,-2.9741837512089213
335.0,1.1889166206906685,2.804027950435289
336.0,-2.434176060550885,6.738491679433229
337.0,-0.46617994284438924,2.4578359541098553
338.0,-2.5916221892795583,6.031917181687081
339.0,-0.12776234897816263,2.3234111143988874
340.0,-3.0088927708950237,7.7796202846146505
341.0,-2.9607626109543324,7.456128689230711
342.0,-5.970703718986966,-0.9198553087570449
343.0,0.34465912465387877,4.028907120937481
344.0,6.932418236354169,5.360069744407065
345.0,-5.512742046327398,-1.9507613730821023
346.0,-2.3415638823195866,7.173323448346438
347.0,0.9726436439512058,-2.851297136123747
348.0,4.118335699393066,-4.098124892373776
349.0,4.386803878274022,3.3149096960577786
350.0,-4.429749587721881,3.346473860552779
351.0,3.6711794054269715,-3.9659978762085952
352.0,-0.40419052978717757,3.5151421448592868
353.0,-1.3091077838665877,1.36036927962021
354.0,0.7031258060630253,-3.0064196568729797
355.0,4.134674924646465,-4.8688787932070134
356.0,-2.033720098479807,-4.693226594024628
357.0,0.629690140901523,-3.5111196252510273
358.0,-2.088287561960532,-5.165610367213333
359.0,0.9807276753163765,-3.232844846603407
360.0,-2.763741132662597,-0.7875318663778351
361.0,3.2821803772129203,-5.028338297531482
362.0,-3.2280156924970753,5.790284287445259
363.0,0.8374508350201271,-2.2297396278762016
364.0,-5.20208426654398,-2.3206754325182257
365.0,-5.939923484310496,-2.079842378496745
366.0,0.8946962845075513,-3.0561783191280427
367.0,-2.0125434438622345,1.8482598947388404
368.0,4.497974467812685,-4.895840886240317
369.0,8.898473080071266,0.09936475141067178
370.0,3.823501741426508,3.661198888839902
371.0,-0.6703072080408746,4.498425163407101
372.0,1.6284359016195795,-4.259588030080642
373.0,8.83636403667293,-0.6270331566790501
374.0,6.1785037652397845,1.657905373706117
375.0,-1.6475232673383051,3.3931785572103093
376.0,5.7591889531018445,2.07940473736327
377.0,1.0192684239876324,-3.0888380632876866
378.0,-2.966800462160217,6.012756525786003
379.0,-5.558021983216173,-1.7324333279965711
380.0,9.482929541346381,-0.724955078919475
381.0,6.507065975823642,5.4330762833345645
382.0,-1.6932370500701142,2.2253045105540408
383.0,-2.0579046960930363,-6.766503246880475
384.0,-4.715047490034896,-4.02482981308874
385.0,-1.4707918085985987,3.6453197685506176
386.0,-0.21679806552025954,0.9565763471878802
387.0,-6.2514085246777045,-1.7586073371659783
388.0,0.4860600395310188,-1.5251066689783321
389.0,0.012918104369375735,1.9528701056923967
390.0,5.86126670160874,2.338374998364348
391.0,-2.090639893949329,2.088559047442494
392.0,-0.8256017065086448,2.370153323024908
393.0,-4.474578075007666,3.94576868242777
394.0,-0.5548834241896905,1.1803568179698638
395.0,2.1761808446194757,-2.690233575809048
396.0,-4.77012236243204,3.2244259597581775
397.0,6.248187458676316,5.642896148900356
398.0,-0.22918291115705797,3.578928794982325
399.0,-4.310558556902705,-3.7657309583983696
400.0,5.88369493069445,1.7068577382013648
401.0,-3.3091310979064152,5.6939824696112575
402.0,-3.9136948311446673,3.8145371235081322
403.0,-4.254818402076185,4.134914604475547
404.0,-1.5550268004376375,-6.268449848874409
405.0,-2.098544041883705,-4.641887371612142
406.0,3.680490906639028,-4.012307991915219
407.0,-4.319175461075366,-4.489996282025798
408.0,1.4434439352377058,-3.284800346203904
409.0,1.6571695107214506,-3.672106904943254
410.0,3.4266799697959924,-5.186229612142031
411.0,1.0433392445801137,-2.6272157740986346
412.0,5.597056035008522,1.5661304558232636
413.0,6.767283613524085,5.586644840274408
414.0,1.3299588448465602,-4.091626240948478
415.0,0.9244703672994732,-3.499334639683784
416.0,-2.266880722917591,-6.349093903812626
417.0,0.9816764526744309,-2.1172662689093156
418.0,1.9329913122913263,-3.6687248465647153
419.0,5.402709963092312,0.8144660075848055
420.0,-3.232906409185071,5.3306114027406695
421.0,1.0755827776709908,-1.3182301220237425
422.0,-5.196432937610709,3.372858505663002
423.0,1.154466933587663,2.3302813441205084
424.0,-6.152267492444537,-1.125636414385669
425.0,4.989052914604252,0.6811133493816411
426.0,-3.199041526423204,5.852054638486255
427.0,-1.033753388600537,2.3703238620276204
428.0,-5.932348223156476,-2.0986058829102228
429.0,-0.3045395816560805,0.966319873477902
430.0,-4.425761225248107,-4.385451484329082
431.0,7.834724187792873,-3.965479409943824
432.0,0.48903387297974943,-2.2076286191948133
433.0,-0.8545527533765931,3.187304588640577
434.0,9.61311632168287,0.1433869999842108
435.0,0.143496554967543,3.8833074199523896
436.0,-1.7322971558804192,-4.787209803659279
437.0,3.6825760857368195,3.7806173768962785
438.0,3.8296684789829154,-5.022413338919064
439.0,-1.3133991640595297,2.3387757930875472
440.0,-2.0710415221757663,-6.490524405356329
441.0,5.665092749975961,2.5316383738950106
442.0,-1.5450793717567226,2.5233554767126605
443.0,-3.3916252144870147,5.623087606243701
444.0,-1.6579527058264154,2.2467635670900923
445.0,1.4484845604482017,-2.1482462383538765
446.0,-1.558682668070609,1.3509792293861698
447.0,-2.9430934110558864,5.287999705050137
448.0,3.7493224623203356,-5.18575349169249
449.0,2.61196208852425,-2.555042750671045
450.0,-6.015578417599014,-2.4280549776347655
451.0,-6.612771969062214,-2.3448304816834833
452.0,-2.4033214337796127,-2.8853830983568227
453.0,0.8101029270955463,2.555161905921534
454.0,-1.9601568201083976,-4.8939862291005936
455.0,8.895305336597287,-0.0303682670339025
456.0,-0.37534161752203593,3.7351151472827455
457.0,3.7631546639879603,4.038026496363209
458.0,-6.411584427792082,-1.2068728998939295
459.0,3.4318235939833124,1.840613828576243
460.0,0.990386902505449,-3.8915133528836967
461.0,-4.410253330141307,3.454786580035239
462.0,-2.6566190037558997,7.225588465801444
463.0,6.639333511907409,5.3695711410348475
464.0,1.3121107070167222,-2.5410753856554047
465.0,3.7345223266338783,3.684183745060034
466.0,-4.633718463374761,-3.6707371025188547
467.0,-5.340373603226348,-2.500126829541395
468.0,5.683102912933575,1.466947663733107
469.0,-1.0545680417158454,2.9908834547946173
470.0,7.487629323794643,-3.80767235524949
471.0,7.188204059098273,5.093729245069187
472.0,5.76351100225878,1.2893927006598975
473.0,-6.346877872581288,-1.5628448981669383
474.0,-5.353597404528173,-3.698842680242203
475.0,-5.996780689773945,-1.931809745053291
476.0,3.2879456052086673,2.1782111208639026
477.0,-4.806861402761287,-3.586729385735498
478.0,-0.1309828455575045,2.60029598048575
479.0,-2.970229967772037,7.708541606328705
480.0,-0.7428341404632623,1.7247920094002986
481.0,-0.9506162562419378,2.5842265638482136
482.0,8.993412872745212,-0.28089971174454537
483.0,-2.758796398999085,2.1350109073233097
484.0,-4.370282736713357,3.009903306141526
485.0,-1.3360537238188464,2.277154530332289
486.0,-6.206624367865728,-2.0157097889255815
487.0,-0.548414234029279,3.3720848009940125
488.0,-4.457824322919419,-4.618378640851371
489.0,1.9040202749073856,-3.458627111394901
490.0,3.913551766787634,-4.454352059958281
491.0,6.585671396482836,5.609641470662213
492.0,-2.6364667017849976,-4.4545862042362865
493.0,-3.127422134995898,5.8309384972439595
494.0,-2.0227101923839337,-5.179829825694068
495.0,3.719246600434618,3.35687516866801
496.0,-5.2334599545390175,-2.5333562434442256
497.0,-0.570866203593216,1.9374971268217362
498.0,-4.411451329769627,-4.096151942761997
499.0,6.131250163033951,2.03534952222418
500.0,-6.265076683377773,-0.4932872022821152
501.0,-2.9339591329758443,-1.9810633154163344
502.0,5.361997516802504,2.4192916513712066
503.0,-2.5012019631302476,-4.3925824770911674
504.0,-1.9812272095171097,2.4676816144934492
505.0,-2.5923795485742525,5.298445115061641
506.0,-2.664662096667739,7.427168683253105
507.0,-5.129894285912123,-3.4703639159223245
508.0,8.901982930120466,-0.9803382436146213
509.0,-1.2999514258570983,2.648987104369145
510.0,-2.996155911093438,-1.5127057864616091
511.0,-1.799751852157513,-2.1395054215139786
512.0,-4.506903480009875,-4.006271296656869
513.0,-0.8503315875677102,4.0967201737639884
514.0,-2.4307969979221924,-2.0771987269552996
515.0,-2.951971398743653,7.45185122402923
516.0,-4.583421480799973,3.564469415055625
517.0,-3.0505496962612653,5.6478798236233905
518.0,5.795645348486833,1.696378014098501
519.0,6.84172220878072,4.94212257767411
520.0,-5.537120259449989,-1.7773503404906004
521.0,-0.7756205877563992,1.8563395273151442
522.0,-6.126106423067492,-0.6739446516643305
523.0,-1.251378681545577,1.867454072951519
524.0,-3.9311849361012854,-3.4894197527242525
525.0,-1.18699374792281,2.9473859900938493
526.0,-4.790310058687525,-3.02510685246147
527.0,-0.18127797964495193,2.5390312050271775
528.0,-0.15450982380751604,2.1747975652625557
529.0,-6.004386277735358,-0.04543924827951174
530.0,4.119065462303586,3.541177776420326
531.0,-4.5480510539763745,-3.6811818772529294
532.0,8.292729005526706,-4.373765887860695
533.0,5.652721754606024,1.063603806442042
534.0,1.2392517782142756,-3.291703509126201
535.0,-2.9623730539869335,6.04182911864856
536.0,-4.668513270732503,-3.9725997088326315
537.0,5.648929288731136,1.120778462082629
538.0,-1.3640818565143549,2.1098865110853326
539.0,-1.9149073610956253,2.735564465595464
540.0,-1.321762400504334,3.2564036283357427
541.0,-3.326614630504545,5.462730091375648
542.0,-3.0164485171618804,5.443407023152239
543.0,-0.7828454947386255,1.8394458069423205
544.0,-1.095665144511476,5.014657601506351
545.0,-0.25128950087736435,3.310008497438635
546.0,-1.1761573305571158,2.747588357234129
547.0,-0.785278127870508,2.736079061025527
548.0,6.705457209390823,5.591341669618089
549.0,-2.0274346388852855,2.625271199560121
550.0,4.443339556931603,-5.333112933392201
551.0,-2.8731518984045987,5.6044727884766825
552.0,4.0745410490723595,-3.6197225064256178
553.0,-4.199805414530903,3.7149729006481884
554.0,-3.5584753935331346,7.125834285957001
555.0,-3.0137375760345395,-1.7993374081546967
556.0,0.6807363402919705,2.491943199122042
557.0,-3.354972868217611,-2.0749388217324456
558.0,-2.014217839344468,-6.288297529191378
559.0,-6.620980274046285,-0.36575041658305313
560.0,7.906544213893262,-4.222586101392905
561.0,3.6774330301789084,3.5402962865609986
562.0,-5.887995528137702,-2.359254381577266
563.0,-6.192008486710598,-1.5446498414851864
564.0,-3.0348231356369966,7.023145609761808
565.0,-3.093901822932847,-2.209368036548555
566.0,-1.534894018367245,2.4547901071645355
567.0,-0.7838672151705564,1.7575898049292957
568.0,-4.313132587886308,-4.467149894195582
569.0,3.7961468781807426,-4.910070109389198
570.0,-2.771782245335046,6.451602388488005
571.0,-0.04630000003655341,2.301151454401451
572.0,-2.925866496906374,7.101744410461642
573.0,-2.8391665989790997,6.866129176911332
574.0,2.0947220964310826,-2.4388544489012136
575.0,-4.634020526318591,3.1594884999111503
576.0,-3.2709587357208365,-1.8386421586281803
577.0,-3.3624882831767233,6.902449865504205
578.0,-1.649358183772311,2.6154999204152856
579.0,7.063141072708276,4.780728578809285
580.0,-0.8835326283086248,2.544688906884631
581.0,-0.9418039238349024,3.903403179454892
582.0,-4.533715217097625,-4.1263149958072605
583.0,-6.474013128582188,-1.730744582867073
584.0,3.5273537813076774,1.919176236565113
585.0,-0.3906026630362794,2.7947225155377917
586.0,-3.3730815926992697,-2.1825513590426797
587.0,-1.4774797614908932,2.3770357735931715
588.0,0.9471475459807751,-3.50746106263499
589.0,8.16147149475241,-3.969320322157298
590.0,-1.927720016444658,3.4994791379410186
591.0,3.439999049694018,2.123555248162914
592.0,9.056916890966354,-0.38754197107935523
593.0,-5.861559365537703,-2.5915274618892865
594.0,-6.191726922788765,-1.3328831612046708
595.0,1.150201752172203,-3.406687689673571
596.0,3.344824378370282,1.7730715378763249
597.0,8.120802330034177,-4.032869904017174
598.0,6.050202436466776,2.7451346868338895
599.0,3.364495101636956,1.8406700158698597
600.0,-6.621274286703998,-0.27307110831224635
601.0,0.4768239077972919,3.0004112628626824
602.0,-1.5301308416997623,1.7953065627154379
603.0,-6.5665642658949155,-0.9056576364557581
604.0,6.256525633365445,5.731427326392336
605.0,3.858339820234354,3.2150192384409535
606.0,-4.546214863102704,-4.024178842029378
607.0,-1.889988102295503,2.483644313710098
608.0,-0.4441388167343284,3.5295239939721346
609.0,8.984188692884787,-0.2569943543989847
610.0,-2.194113229098948,-3.9849327427230925
611.0,-1.2806680829830503,3.1350906055951957
612.0,-0.01216157710711771,2.7438778134188087
613.0,-4.451053706857709,-4.57931997681925
614.0,-5.761533668796594,-2.38203849642686
615.0,5.856692144731769,2.2413824424969357
616.0,1.4715325604691856,-2.8944747590353277
617.0,-1.9627447088592034,-6.701425390567753
618.0,5.651292124597689,2.2589460234256404
619.0,-2.135155750017338,-4.97899037088688
620.0,0.6651432444996452,1.0337789633323846
621.0,-0.0406385145091604,2.648813551963414
622.0,1.9617798326244165,-4.151452735510677
623.0,-3.123738634164312,7.567790428767098
624.0,-3.2606746607559454,5.255832377907875
625.0,3.2826566125425205,2.0128294925717887
626.0,8.084072729188918,-4.0240025453535
627.0,-1.6936607900748264,-4.274286669556492
628.0,-6.293247608248129,-0.6300228889424719
629.0,-2.701824917567364,7.8041253562670665
630.0,1.2464802433405742,-3.075744314075149
631.0,-1.5978890953484304,-4.903094302158171
632.0,0.5648160143061277,1.9150490132495799
633.0,-4.372117583002877,-4.376618762745113
634.0,-2.9152719630188977,6.935047785057331
635.0,9.148898987419047,-0.3994235480559002
636.0,-6.1616561762032225,-1.5882817151166948
637.0,-5.808576750116349,-2.5971343162675145
638.0,3.9791401806084257,-4.989040342404052
639.0,2.0831870605119005,-3.3013029555590547
640.0,-5.617693517383363,-1.9211451957203054
641.0,-2.230126909320708,2.6205091001239875
642.0,9.439226803672188,-0.15579749130220252
643.0,-5.851464523804963,-2.2175287807887027
644.0,1.5445590446829396,-3.529508451212748
645.0,3.8949473163829316,3.7162863996944333
646.0,2.2900159069219934,-3.7858109359753764
647.0,-1.9367933054478164,-4.601648726430575
648.0,-1.4716089536516266,0.9570468945389442
649.0,6.283412230218209,1.8401575075475871
650.0,0.8320075596624127,2.189139783453829
651.0,-3.177473470604115,-1.9611460066699697
652.0,-4.655416388072148,3.5137416563356973
653.0,1.4332948705601998,-3.5437354959989573
654.0,3.7932528763375766,3.5981481467767815
655.0,-5.885295716415707,-2.2458267297994112
656.0,6.766014347543886,5.336513315777698
657.0,4.266001457124312,-4.821463199014837
658.0,-6.421745810561734,-1.9966263005384055
659.0,3.200612094393207,2.4855998198653633
660.0,5.765677037307383,0.697254170394769
661.0,0.6684798935191525,1.8828895609881104
662.0,-4.664258060532106,3.276034275064794
663.0,-0.6018124044394725,2.7564558968254134
664.0,1.629622563400524,-3.5559833413843887
665.0,-3.12022452939571,5.424399649113805
666.0,0.21790223825991065,1.114329975240855
667.0,1.7371907471163988,-3.510523140471907
668.0,-3.6465600040778647,-4.14544955074778
669.0,-0.4475746198419604,2.196308003431022
670.0,-1.4887572034002337,1.8853345619582134
671.0,8.086181966800318,-4.017394604485132
672.0,3.729155191701615,3.549476900293516
673.0,0.5088955567723176,-2.2114347282907603
674.0,-1.2206762850570323,3.5819079539824306
675.0,-2.1976534086876818,-6.719714383965042
676.0,4.031029653974762,3.657867342719082
677.0,-1.1392084979034875,3.0886275892145703
678.0,-5.533489265088249,-2.232837213128348
679.0,0.6082829220169832,-3.001380194462334
680.0,5.672998827904442,1.9640320025616997
681.0,-2.0357538132464232,2.7620134069278395
682.0,8.87949002528695,0.1775562729723783
683.0,-2.975616172048983,-1.9646884711475892
684.0,0.3819669475827916,-2.6484155505806446
685.0,0.7693794077476871,3.9717040184007337
686.0,0.3375350141464148,2.000334534221226
687.0,-3.3965796832732065,7.771176244572061
688.0,-3.110343154545324,5.611501654576174
689.0,8.022570872342465,-4.361700060456672
690.0,-3.217958145998648,5.697684013704959
691.0,0.8569652660471782,-2.941308407077595
692.0,2.1879254522666067,-3.4900579799023546
693.0,0.9382405877092973,-2.7669553792010873
694.0,5.497058740143569,2.2424001074664015
695.0,-3.2894184044441603,7.072387574160748
696.0,0.53037599975522,2.648125259317653
697.0,1.3011416660939072,-3.2635400358942617
698.0,7.993032915727148,-4.050718158410048
699.0,-1.2376716676656319,1.708480141880025
700.0,-6.3159852489910175,-1.5130980836755985
701.0,-4.667229404023245,-3.8178227989486833
702.0,3.642579678638758,1.4824479308719194
703.0,5.597713996163957,1.5952355989217797
704.0,-1.2548295029838108,-5.2110183828036964
705.0,5.855863364223865,2.2468884124566917
706.0,1.7142551544345221,-1.9823453767302488
707.0,-5.949335878236486,-1.2669684330294329
708.0,-5.984225819437054,-1.2074349280927166
709.0,-4.39448223448073,-4.427614649873435
710.0,1.6990533663500915,-3.0571305115617515
711.0,-0.9407444847401509,1.7804915809720363
712.0,-3.0052886777276075,-1.8904400648089914
713.0,9.068885001548965,-0.3175354676809171
714.0,3.128387707297493,1.5638467902079565
715.0,1.1040433839990529,-2.2843277417514494
716.0,5.517754963688072,2.076644551263076
717.0,-1.4125536550087059,3.7419808696861714
718.0,-1.8525988700555955,-5.100972352109636
719.0,-0.7862436774990681,1.5532658782688271
720.0,-3.034462382357087,7.445323955473022
721.0,1.8379715563747472,-3.5731496813405013
722.0,4.264452953995258,-5.236949087299992
723.0,-5.248881673956251,-3.354193412001507
724.0,-5.838567107223128,-1.9820481816981763
725.0,-0.418022853912007,2.9037581249456723
726.0,-1.1724659132187916,1.599677852413745
727.0,-1.8333379909381635,1.509050021143996
728.0,-4.8240928331389705,-2.201873972414663
729.0,-5.027773768744573,-3.6349251801605735
730.0,5.699700801631049,1.7532225310891563
731.0,-0.39094997587404534,2.641527547669225
732.0,-1.7864702960387693,-4.687321965211739
733.0,-1.254014067442617,2.888145988971704
734.0,-2.901819949502081,7.056535683609499
735.0,1.3378651913813024,-2.951747447425208
736.0,3.326202721416706,2.1238631671289423
737.0,-0.6692474273699468,1.8478065954976062
738.0,-4.669642606276352,3.639916010527754
739.0,-1.9596982507522325,-4.603740535636348
740.0,2.1826615992996063,-2.446812504716043
741.0,6.875581152812515,5.287603387181504
742.0,1.355267682527987,-3.584669494843842
743.0,-4.677670115561621,3.7061583558927236
744.0,-2.9237708657532155,-1.6401765741130598
745.0,4.131418402550315,-5.471744326095564
746.0,-1.222413784823394,2.7687516840133193
747.0,-5.757229425501821,-1.7023990481943323
748.0,0.9645266271004479,-3.3329605159465356
749.0,5.894882221560438,1.7323739871939638
750.0,5.996128214615771,2.2497191360769926
751.0,-4.908951827979581,3.4249969295789944
752.0,-4.348156901716529,-3.8657595349333436
753.0,3.637276208140503,1.9654884376647979
754.0,1.376956375143156,-3.6025907117412492
755.0,-1.651287817892357,2.1463955537960286
756.0,3.7187311247946724,2.120669545993196
757.0,-4.591293220220361,3.477877566211935
758.0,-2.9267282440831837,-1.7691765081864284
759.0,-0.8630099237164599,1.8133082597060772
760.0,0.7822398616937355,-3.0684648966303607
761.0,3.3569934052226,1.9478778167641073
762.0,-4.6314161794353375,-3.4208299806004443
763.0,1.399412312567334,-3.368104312212866
764.0,-0.6986900640147757,2.100455913503759
765.0,3.3579339622588615,1.9330725422476551
766.0,1.2694901590821448,-3.62044316849421
767.0,-1.6913122410572516,2.386176055623213
768.0,-4.661296356920134,3.536477188485055
769.0,1.28498646870562,-2.064778937427595
770.0,-1.4659223018806886,1.8882022336549333
771.0,-0.35123101943998897,2.411734937108357
772.0,-4.2910531586576415,-4.309714649113541
773.0,-1.1904646683695321,1.7053728236650891
774.0,0.15851333439393392,2.643643651859552
775.0,0.6153652700047644,2.5902006944412834
776.0,3.9344344366454327,-4.914599300243989
777.0,-1.1405917396736234,1.8575591940651965
778.0,3.260546524378862,2.231585450966644
779.0,5.623328998513603,2.0967982510810343
780.0,1.2212146968009756,-2.840769067591946
781.0,-4.358121220699031,-4.3100153275895785
782.0,-1.716348121430229,-4.353297846628274
783.0,-0.6987531507254824,2.869497188746088
784.0,1.3215077586599442,-2.550692697540803
785.0,-1.4114859459016171,1.8582829692624054
786.0,-2.9409586926725195,-2.2152570864618237
787.0,-4.634829216020617,3.607328659871291
788.0,-5.997193091317231,-1.7456059137712725
789.0,-1.4319646224883884,2.7608119765851993
790.0,6.756980560506434,5.03171128924932
791.0,5.432058526295582,2.215314137187153
792.0,-4.654153404138962,3.4931464285433735
793.0,2.075832583545535,-3.1351887321192815
794.0,0.18128783961756828,2.7015594675328707
795.0,-1.4498882182667938,1.586688902220276
796.0,-1.5880228489521109,2.311337684680804
797.0,-1.4334068498482295,2.203979966509461
798.0,-3.116686968758592,5.563809367263732
799.0,-4.641141608749151,3.585891936891961
800.0,-1.1804403652815285,1.7087157873995475
801.0,1.7255960269629842,-3.360278614969661
802.0,-0.29725883921905205,2.9909355899702326
803.0,-1.8809443845381546,-4.603717226269805
804.0,-1.6227667697801758,1.684203833667567
805.0,-0.9008802864961791,3.021103295422918
806.0,-4.256360356659936,-4.225809298934026
807.0,-3.0204496975043824,7.271317815071247
808.0,-6.0982198740136075,-1.6723272591614458
809.0,3.756769466980238,-4.899196250140274
810.0,-1.66167795704202,2.2559427276801687
811.0,0.07016853581323197,1.4856074690112016
812.0,-1.4937106390926955,1.8091551186351258
813.0,-0.5829187463408738,2.1232685320369495
814.0,6.978901396414968,4.972636301542765
815.0,1.714556244553316,-3.3680631900118594
816.0,6.971778038259713,5.089600292796743
817.0,1.5189886737854912,-3.102600427042059
818.0,3.9095324108555,-4.908396168606285
819.0,-2.726086653641014,7.641288502971025
820.0,-3.018998307985235,-1.7433133896639175
821.0,-1.40929648132978,3.960609072876508
822.0,1.0611154162145748,-2.237966020822063
823.0,3.266931248570571,1.8033462770134479
824.0,-4.2629708701412525,-4.275560597723999
825.0,-6.107404323402059,-1.5106037036754998
826.0,1.7807405609823113,-2.76357384600978
827.0,-1.8441716887375081,2.1866741825820744
828.0,-1.0095109716952653,1.8666791357350259
829.0,1.8063110615255344,-3.7419685122996205
830.0,1.828074044274899,-2.840956038924166
831.0,1.5744665896014678,-3.7518298566677255
832.0,-1.7371092426915387,-4.85256601472544
833.0,1.90533479702289,-3.8169418248208475
834.0,4.3338191650824704,-5.108338286882927
835.0,-4.5767726667054935,-3.599364066132212
836.0,3.9828455530543136,-5.09195931471847
837.0,4.057056926824784,-4.982420703236442
838.0,1.739092695296626,-3.5953398264152416
839.0,4.277764786644375,-5.000003794186482
840.0,-3.2711266566079074,7.1725424612532525
841.0,-6.12057856291931,-1.3999089464886523
842.0,-1.865099780657133,-4.595464804763618
843.0,1.8558713313536008,-3.216720264876589
844.0,5.561155221282724,2.207062352269638
845.0,3.477726976063221,2.279200708438316
846.0,-1.9211031633572961,-4.614117871806017
847.0,-4.3116292286020625,-4.432782562335317
848.0,-2.876304477610966,-1.8522262720638525
849.0,-0.7822895027316524,3.033032275469549
850.0,-1.7167858345793896,2.074783090146886
851.0,-5.409722833035574,-2.0693735578294374
852.0,-5.214007911233883,-2.195229675059154
853.0,3.5936036228747583,2.04936312834561
854.0,1.5299778413331884,-2.837535311488249
855.0,0.4162558848904459,2.992858872071257
856.0,-1.5235027676074506,2.749089112373703
857.0,0.27067538090524257,2.5642998713120746
858.0,-1.7973362085230125,-4.437594348163309
859.0,0.876275990070359,-3.3368385280686423
860.0,-0.581756381201361,3.1763964670034324
861.0,1.857777396085098,-2.297441618362291
862.0,-0.08309663483036718,2.689544467658792
863.0,-1.2988161056162861,2.140502804393478
864.0,-1.3383676030741953,3.635227507174794
865.0,5.432544074100742,1.8209641826662777
866.0,-6.131089831956938,-0.8595074471040967
867.0,0.5069580443004112,2.5211708050857253
868.0,0.07038361399542253,2.529058880071419
869.0,-2.5039515785367525,-4.731700344547228
870.0,-3.1564918356301965,7.12413769510248
871.0,3.648400983503219,1.6139061232828922
872.0,1.423598811294453,-2.9742011340044523
873.0,-5.909074033181702,-1.3107489277100048
874.0,-2.0941312557792187,-4.66596255578832
875.0,-1.0360441328834653,3.2434065441606568
876.0,1.4207512292473337,-3.2717482632593473
877.0,-1.4636440586617017,2.173050970439674
878.0,-2.086382895163133,-4.452513017897317
879.0,-2.92892017552157,7.462495085415369
880.0,3.479052777553571,-4.5711366167461485
881.0,-5.572418741054779,-2.272107840920295
882.0,-0.9010861221502661,3.3596422108334156
883.0,-3.044010877804774,7.2510665461228445
884.0,-1.2591671149684833,1.8673058309767632
885.0,-2.967987367651675,7.325096512352312
886.0,1.4672055530982375,-2.913236516728042
887.0,1.3649614934877412,-3.764163304252892
888.0,4.094568288287797,-4.981605667670364
889.0,-2.983313464607981,7.288567693830288
890.0,-0.6515297812653651,3.3179452200981
891.0,-1.234999276486418,1.9303173930887625
892.0,-1.3790878036570662,2.318240357212358
893.0,3.4668821097776488,-5.530074385892849
894.0,5.48833594305883,2.3245649939983952
895.0,-0.0919456469775708,2.4832568661138756
896.0,5.422625960883814,2.259025393501136
897.0,1.2960842519850682,-1.8946128526679904
898.0,-1.0199706555695438,2.58729304561705
899.0,-1.7700510963222267,1.8829046100951095
900.0,-1.5805226981181606,2.146266101288738
901.0,-5.512554212185581,-2.150081811703437
902.0,1.202936854740679,-2.9758928093477497
903.0,-1.9271564768556058,-4.627915990543306
904.0,3.63825588389795,-4.519617740018098
905.0,-6.1253001444098,-1.4016823407106493
906.0,1.470264796675101,-2.9305425547314528
907.0,-2.6726123663326162,7.303319988861118
908.0,1.5668999717378966,-3.7475052602497754
909.0,1.36281226530891,-3.5834460924579674
910.0,1.5547432602712945,-3.36215542202129
911.0,-6.207589303896109,-1.3086281698181723
912.0,1.1769215568949893,-3.6618457291121542
913.0,3.849992709851068,-4.4347692337462306
914.0,0.021382814504109345,2.23143749556398
915.0,-5.968000192532966,-1.36649766028029
916.0,1.473711221882356,-3.532061361754226
917.0,1.5305237130643374,-2.765776416159262
918.0,-1.4227927641921312,2.3093466277662302
919.0,1.2907049939602189,-2.6280279792527774
920.0,1.2581282884051432,-1.872523465676612
921.0,5.726758088163411,2.19278638792465
922.0,-1.2262850601125745,1.8080149419970335
923.0,-1.879457697464962,-4.608602490311839
924.0,1.4317579764494555,-3.4213311456473643
925.0,0.5210472665295907,3.1598932394923094
926.0,-0.9165061730160847,3.5476017811170824
927.0,-2.9519820420158265,7.089005752394294
928.0,0.25723884843380557,2.1809068853844993
929.0,-0.7483034395658704,2.2440560399791503
930.0,-1.934658679535394,-4.712729996878432
931.0,0.2673047047673095,2.8073121895143407
932.0,1.8613666667005102,-3.513934535768553
933.0,-1.0717406221780665,2.655183297467783
934.0,3.7491908438226336,-4.325824656843931
935.0,-0.5321052444037735,2.8376959364780396
936.0,0.2581895188767766,2.8956807011141255
937.0,-6.0824564581352085,-1.4045807331101763
938.0,1.2118130108830312,-2.338663927953149
939.0,-6.195649001599398,-1.2251674303760363
940.0,1.4928527477173532,-3.4512075757976173
941.0,5.715835059777966,2.0229748378532904
942.0,-6.087315346272936,-1.2253186321445346
943.0,1.696870984317899,-3.5213867975263993
944.0,-0.9586755481235084,1.760094419531411
945.0,-0.208752210837621,2.7280301251749894
946.0,-5.972961524495969,-1.6924257396913485
947.0,0.9718162898821217,-2.884693944790921
948.0,-1.230415161983647,3.3159567466461204
949.0,1.4091265533245534,-3.8004934660911784
950.0,1.5197120971175844,-2.5660637788493807
951.0,0.08333187495583781,2.5805280159903
952.0,-0.13504298979836882,2.1489618594776645
953.0,1.3794030716799455,-2.40756399994747
954.0,-0.8462396699655027,2.939218118931258
955.0,-1.4192119318328231,1.9823003441888791
956.0,-0.01979562557263267,2.7419976249193656
957.0,0.13717612468002005,2.335606592096308
958.0,1.631259001175314,-3.2876864763722193
959.0,1.785874115694205,-2.569792322842588
960.0,3.6558978171236136,-4.734267159160288
961.0,-6.095802209770427,-1.33571243188022
962.0,1.2483783316067654,-2.7455644770521923
963.0,-1.4179003610099317,2.081507875743624
964.0,1.5030807509683923,-2.4866921909694506
965.0,3.444805133108178,-4.445507532916346
966.0,0.06270472931991797,2.5233187569636955
967.0,-1.690217547778009,2.030336803300554
968.0,-1.2335227528809836,2.8908571196071247
969.0,1.1356628638583386,-2.705832183241749
970.0,1.437510204468733,-3.0283458780969323
971.0,-0.7641516627249954,2.796611640011174
972.0,-5.92836255077902,-1.2472978153257057
973.0,-1.5607155679918292,2.223774295521931
974.0,0.6396131577765174,3.1701858428286687
975.0,1.5993502638315558,-2.743736139778438
976.0,-6.112144357484506,-1.3340413031738414
977.0,-1.3117391018139049,1.924153283617426
978.0,1.3313563287897276,-3.5919026596831345
979.0,-0.4627826274588282,2.9364192258480655
980.0,1.4346201858243368,-3.400412399845002
981.0,0.826621580137821,-2.4402648306797845
982.0,1.3685571027981251,-3.5287556691244966
983.0,-0.9065060277727218,2.7900509215861193
984.0,-1.115325317735606,1.8730375316323888
985.0,-0.7795556307929904,2.6309821307332317
986.0,0.42885649317816954,2.764271555563939
987.0,0.0691018117364044,2.6858262935078856
988.0,3.688930531938966,-4.818136059768391
989.0,1.2134577818951242,-2.5061218029706103
990.0,-0.9300141449089723,2.9766509676891455
991.0,3.8728798063648187,-4.375008088620616
992.0,0.19175189504569576,2.606466901990135
993.0,0.5833804220399067,2.6615967824354727
994.0,-0.024740070972696492,2.4404466408621364
995.0,1.3402904197449197,-1.9657832314140053
996.0,-0.95415030458632,2.0782589883782885
997.0,1.4856225141600274,-3.565777648368798
998.0,-0.6724077909255346,2.610353591962638
999.0,-1.889837016659915,1.9075125351378077
1000.0,-6.063969628402298,-1.3251295670072272
