-0.002936351,-0.000106468,1
0.000712946,-0.006167113,4
-0.000170691,0.004803519,8
-0.00430735,0.001432143,23
0.000462323,-0.001178287,26
-0.001779876,-0.003617181,11
0.002859969,-0.000692807,15
0.006146736,-0.002742398,2
-0.004993605,0.004036604,21
-0.001367527,0.002710747,4
0.000317102,0.004036616,8
0.002802975,0.004913621,15
0.003654623,0.001356303,3
-0.000654581,-0.003324115,26
0.002113382,0.005337263,28
0.001204816,-0.000328824,26
0.001630729,-0.002645463,18
-0.001757541,-0.005197866,1
-0.002869058,-0.003776066,4
0.003408491,0.001361901,15
-0.00180321,0.001955015,15
-0.002341753,0.003506084,15
-0.004357055,0.003054437,7
-0.000989193,-0.003694676,18
0.003108089,-0.001699668,26
0.002446935,-0.000100216,26
-0.001976139,-0.00200669,26
0.00127215,0.003070257,9
0.003602377,0.004295707,17
0.004332224,0.0011388,18
-0.001500498,-6.95E-05,27
0.006832268,0.001764728,10
-0.000336211,0.000737379,5
-0.004691405,-0.001593478,20
-0.00261834,0.001927838,24
0.001098601,-0.001901151,11
0.000221992,-5.42E-05,7
-0.002726664,-0.004778291,6
0.00122184,0.001662118,20
0.002482014,-0.004642621,28
0.001667577,0.005989037,21
0.000479568,0.003955129,28
0.004130712,0.003143599,2
0.003218293,-0.005936494,17
0.002958019,0.001981505,16
0.002116833,0.002111132,12
-0.002590319,-0.001914734,23
-0.001303012,-0.002948143,13
-0.003172203,-0.003818748,13
-0.002077763,0.003203705,24
-0.001914759,-0.001646702,16
-0.003044415,0.000740361,25
-0.000384285,0.001299125,5
0.002896351,-0.004493868,20
0.000508725,0.000986017,9
0.004384088,-0.004187356,25
-0.000741294,0.003586856,29
0.000300319,-0.002630665,6
-0.001645326,-0.001481866,1
0.001992905,0.004964689,10
0.004174643,0.004989169,4
-0.001397171,0.002091211,24
0.006661782,-0.001901942,17
0.001468539,0.000428241,10
-9.66E-05,0.001275361,25
0.001040585,-0.001395596,17
-0.002729355,-0.001890394,16
-0.00258937,0.004157513,11
-0.00305765,-0.006025505,13
0.004839491,0.00183768,4
-0.002879672,-0.000652854,26
0.002454733,-0.0026459,27
0.001208044,0.002165674,4
0.001799012,0.002095314,24
-0.002762052,0.005361438,21
0.002408701,-0.005368495,6
-0.000989129,-0.005898932,25
0.002829114,-0.002578971,18
-0.003189006,0.002828655,14
0.001243329,0.00290344,5
0.004660746,-0.003199265,8
-0.000703512,-0.002642312,15
0.007168868,0.002564867,29
0.001881338,0.004885905,13
0.00357774,-0.002396272,3
0.000183658,0.003724884,28
-0.000935872,0.004635895,19
-0.004044205,0.007305581,18
0.00344702,0.003735587,8
-5.69E-05,-0.001415244,6
-0.002002697,0.007352683,5
0.000562508,-0.003530418,6
0.001811401,0.007245594,10
-0.000931435,0.004525602,24
-0.000288752,-0.001213217,3
9.86E-05,-0.00520877,7
-0.000834869,-0.005314438,1
0.002759047,-0.003087796,6
0.004811236,-0.00345759,2
0.004883021,-0.00544329,10
-0.000101817,-0.002090801,1
0.002718939,0.0064884,13
0.004562928,-0.001639136,26
0.002094588,0.002449037,2
-0.002301631,-0.00318075,28
0.000426344,0.003565923,9
-0.007138399,-0.000214108,13
3.60E-05,0.001522575,7
-1.23E-05,-0.003933345,6
-0.005172404,-0.001260903,1
-0.005347114,-0.003143562,13
-0.000299195,0.000821205,22
0.002605274,-0.00337036,3
-0.000527225,-0.001967544,26
-0.001408228,0.001022199,23
0.003259568,-0.004794156,6
0.000230269,0.000558038,15
-0.003772924,0.003944182,27
-0.002243557,-9.34E-05,27
0.000922454,-8.40E-05,26
0.002202549,-0.005838698,29
2.33E-05,-0.004279774,16
-0.000789918,-0.003842742,12
0.00095313,0.005213627,2
0.003644441,-0.00110012,18
0.003233723,0.001768084,12
-0.003056696,-0.002537882,26
-0.000606681,0.002277647,9
-0.000118715,-0.006146427,17
0.000723681,-0.002756934,17
0.005640896,-0.003398009,18
0.000523229,0.003291718,24
0.000862205,-0.001413088,22
-0.001871648,-0.003390382,16
0.005514962,-0.001286689,8
-0.004378708,-0.001165432,11
0.001394017,-0.008270247,29
-0.002976127,-0.00115054,14
-0.000768168,0.007108875,29
-0.002941614,-0.006241823,1
0.004163496,0.000263761,22
-0.000112872,-0.003137943,16
0.00411519,-0.004895793,25
-0.000931815,0.001029556,10
0.00802799,-0.000654822,12
0.003930428,0.002931133,8
-0.003540233,-0.000144923,15
0.005176633,0.000374689,15
0.004272851,0.000890154,20
-0.007283371,-0.003310315,12
0.005863165,-0.004980397,11
-0.001810816,-0.004007453,11
-0.001747344,0.003793658,1
0.001303809,-0.002129918,15
0.001719135,-0.002543116,11
-0.005901383,0.001419079,12
0.007620223,-0.003274192,12
0.006339158,0.002611366,8
-0.000176181,0.006138536,20
-0.003259292,0.001502037,12
0.003455226,0.00196519,6
-0.001987098,-0.000370942,6
0.002889362,-0.000846353,3
-0.002749569,-0.003147607,11
-0.007713113,-0.003873427,7
0.000115937,0.003058626,9
-0.00117685,0.007805295,18
0.001580973,0.004183403,3
-0.006706563,0.002462904,9
0.003903169,-0.002536108,5
-0.002468737,-0.006335907,25
0.003030222,0.000692832,5
0.006038425,0.005121979,10
0.004343783,0.003802226,13
-0.004847319,0.003066216,8
0.004130701,-0.001515863,2
0.004316275,-0.001269579,17
-0.000440659,-0.00260297,26
0.004189513,0.006358488,17
-0.009138623,2.29E-05,12
-0.001410723,0.007012212,19
-0.004018303,-0.000649094,26
-0.000730006,0.004949933,19
-0.006567951,-0.002392648,1
0.007055867,0.000608564,19
0.007297182,-0.002726244,17
0.001762927,-0.004361983,6
0.008294002,0.00320904,14
-0.001494974,-0.002145003,4
-0.002929564,0.000731555,20
-0.001996769,0.001144779,20
0.001306604,0.002671572,11
-0.004619153,-0.002004693,14
0.004008257,0.006252639,10
-0.004080696,0.000468819,25
0.000430227,0.005292517,6
0.000477039,0.000293446,23
-0.000381069,0.00218244,21
0.004005897,0.00068669,19
-0.005382572,8.48E-05,16
0.001120083,-0.004361673,3
-0.005647446,-0.00448644,16
-0.0056282,0.003259618,18
-0.00229207,0.005743809,21
0.00272141,-0.004754131,1
-0.003050586,-0.002911826,26
0.000135136,7.38E-05,22
0.000168201,0.00467353,21
-0.002255375,0.005145942,9
-0.005480739,0.00237121,16
0.00519494,0.004502505,20
0.004838546,0.002433733,14
0.000571541,-0.002396773,28
-0.00388574,-0.002821993,7
-0.002526069,-0.006055356,7
0.004005193,0.001010938,28
0.001362974,-0.007485295,6
0.006849098,-0.00201536,13
-0.005820501,0.001972407,14
0.002097679,0.004153661,2
5.39E-05,-0.006955753,6
0.00582132,0.003996838,14
-0.000232557,0.000344893,17
0.007400254,-0.002506621,8
-0.006009929,0.003155515,9
0.001766287,0.004231746,4
0.001584933,0.006038242,20
0.002311471,-0.000323098,29
0.001357382,-0.005033884,4
-0.007750694,-0.003323877,16
-0.0021014,-0.006805849,10
-0.008147944,-0.000760493,25
-0.000856015,-0.006889596,7
0.001995241,0.001641036,24
-0.006664148,0.001278336,26
-0.005134502,0.00141291,6
-0.003856849,-0.00319988,27
0.004879158,0.001525309,28
-0.004053039,-0.00940582,7
0.00043211,0.004507214,5
-0.002836498,-0.005617844,8
-0.000196401,-0.00222751,28
-0.004455727,-0.00267749,13
0.004584632,-0.006023017,2
0.004659466,0.005049344,22
0.003023216,-0.0012782,3
-0.002795407,-0.005907052,22
-0.001836293,-0.004958611,4
0.003986288,0.001072005,26
0.005190318,-0.00572805,2
0.002510505,0.00699082,5
0.00317105,0.000332231,9
2.26E-05,-0.006947663,12
0.000738544,-0.005945863,12
-0.003006849,0.001107919,29
-0.007131171,-0.002088028,17
0.002208893,-0.005391076,6
0.001766814,0.008244276,23
0.003268771,-0.001487502,22
-0.004586783,-0.001180396,12
0.001804519,0.008445714,10
0.000349817,0.004496745,24
0.004047244,-0.005745929,13
0.007259212,-0.003474417,2
0.001590177,-0.000707705,6
0.00230222,-0.000839543,25
0.001144663,-0.007797486,4
-0.009159295,0.000781215,5
0.00195887,-0.000839483,3
-0.002231607,-0.00143259,6
0.000934615,-0.0005694,10
-0.002300106,0.004522409,19
-0.006863629,0.00366685,23
-0.006954792,-0.001510832,12
0.002268371,-0.002876212,23
0.00169121,-0.001134705,6
0.005331019,0.000562138,11
-0.001083805,-0.001418186,11
0.001098115,-0.004526244,6
-0.007351063,0.003413519,19
0.004277156,0.006786051,13
-0.000909942,-0.001481614,3
-0.005350237,-0.003779793,1
0.001433042,-0.002429583,26
0.000610305,-0.001322588,28
0.003264717,0.003817375,6
0.003093847,-0.000314647,17
0.006775392,0.001112017,14
0.003756507,0.002795098,1
-0.004232262,0.004926346,15
0.001095536,0.00463136,19
0.002556626,0.006413292,23
0.007955671,-0.000906146,22
0.003581204,-0.002683735,26
-0.001140993,-0.008944101,25
0.003122163,-0.001193804,24
0.008874515,-0.002954036,10
-0.003315211,-0.002061736,1
-0.003611488,-0.007718912,11
0.006861398,0.001069021,16
-0.000826491,-0.000390691,9
-0.002117755,-0.003333552,22
0.00417666,0.007078289,19
0.003315985,-0.003079633,14
-0.002110278,2.75E-05,9
-0.008105054,-0.003481015,16
-0.003443939,0.007751304,19
-0.000472465,0.005703544,24
-0.002120616,0.00105956,24
0.010228119,-0.001780906,8
0.0026827,0.006960221,28
0.007420278,-0.000945968,4
0.000884127,0.005213052,27
0.010057065,-0.003621582,12
0.005896183,-0.001433043,7
-0.002673924,0.001041782,25
-0.003508816,0.004086438,26
0.001700027,0.000129648,9
-0.002411709,-0.007138698,29
0.003646812,0.000735439,22
0.006854798,0.004501052,23
0.00298609,0.002492676,6
0.002074859,0.008189747,5
-0.008782719,-0.002577564,29
-0.001900392,-0.000255643,19
0.00538302,-0.006461737,18
-0.009585811,-0.00234076,14
0.004230795,-0.000502722,16
-0.001300804,0.003521879,21
-0.00214261,0.004335579,15
-0.006432188,0.006045125,7
-0.00954758,-2.81E-06,14
-0.001222898,0.008181163,23
0.003493512,0.002540186,25
0.005519045,-0.003172704,3
-0.003882052,0.000172936,24
0.010162426,-0.002245886,17
-0.006371513,0.000917176,2
0.000654384,0.007519865,15
0.003425436,-0.002921502,28
0.006148139,-0.008681689,8
-0.007486771,0.000451602,5
-0.003670175,-0.001429568,17
-0.003900385,-0.000280715,28
0.005594494,0.001168113,5
0.001118983,-0.005973446,26
0.00755532,0.000700421,11
0.010335039,-0.003368546,23
-0.002420805,0.006895461,9
0.004755979,0.006476097,20
-0.002645619,-0.006374197,6
-0.00602914,-0.004932038,6
-0.00256449,-0.006057562,6
0.001342693,-0.010327002,16
0.002671036,0.005300068,21
-0.001149413,0.003237544,18
-0.004169294,0.002689289,5
-0.004034521,-0.00553727,18
-0.002246635,-0.000357358,1
-0.001965728,-0.004815032,11
-0.002308173,0.003876181,24
-0.007068478,-0.001501716,4
-0.004829152,-0.000236709,27
-0.007855157,-0.000869373,4
-0.009464767,0.000719248,7
0.003033296,0.004292455,12
0.011030409,-6.04E-05,27
0.005108172,-0.003729444,3
-0.004517655,0.006923391,1
-0.008473951,-0.005890908,25
-0.0059925,0.003767937,21
6.66E-05,-0.004742136,7
0.001635786,-0.004980405,3
0.00269902,-0.001754736,25
-0.002482979,-0.008431613,2
0.002354533,0.005430331,12
-0.005254443,-0.001439436,23
0.004232346,-0.004951063,7
0.003655126,0.001412999,17
-0.002289844,0.008466564,15
-5.61E-06,0.007559049,24
0.007733753,-0.005783295,10
0.009802011,0.007472293,14
-0.001081379,0.00515679,15
0.00375598,0.00531916,27
0.010391251,0.000985155,10
-0.010069374,0.002553532,8
-0.00277838,0.01161084,20
0.001921253,-0.003036189,11
0.004213357,-0.000866813,9
-0.005570795,0.006390332,19
0.004042146,0.00123401,3
-0.004507766,-0.006297488,18
0.002284336,-0.000372819,4
-0.00245851,0.006124372,24
0.002399983,-3.96E-05,3
0.004571418,0.006092171,21
-0.000147408,0.003254104,15
-0.004516101,-0.006448778,4
0.0085154,0.004026602,12
-0.004241453,0.004268898,11
-0.007458454,0.003961281,1
0.000128067,0.005950935,11
0.00188701,0.003187538,26
-0.000978144,0.010180954,5
-0.003534387,0.008720286,4
0.008059027,-0.000298776,17
0.001529589,0.004276929,15
0.003394222,-0.004428377,3
-0.0042063,-0.008405887,29
0.000940208,0.001453974,9
0.002094922,0.006449288,24
-7.17E-06,0.011081532,14
0.003647029,0.009452629,29
0.002904496,0.004400041,22
0.002113331,-0.000590016,15
0.00408677,0.009607716,20
0.007960968,0.008379828,20
0.006361214,-0.001292887,25
0.005153657,-0.001722468,4
-0.003549444,-0.002776819,19
-0.003984683,0.004037401,4
-0.006743351,5.38E-05,25
0.011079786,0.004488346,14
0.007014212,0.002470933,11
-0.002549787,-0.007632873,8
-0.002030954,-0.000105409,9
0.00060935,-0.007082438,27
-0.000456908,0.008763578,19
0.00345504,0.006954966,21
-0.006484666,-0.000743436,17
-0.008275153,0.005918403,24
0.006125814,-0.005808804,17
-0.012306579,-0.003568405,1
0.000726657,-0.002412884,9
0.001536496,0.007976209,24
-0.001295363,-0.002809507,26
0.009533479,-0.006483273,10
0.007102645,0.009213248,17
0.005233655,0.001895068,19
0.001461817,0.006511247,26
0.002230542,-0.008948105,25
-0.005446303,-0.009561369,25
0.008851725,-0.005722989,17
0.00051835,-0.001284438,22
0.00121077,-0.00118227,27
0.004709803,0.004761169,15
-0.005857149,0.001369282,6
0.00159959,0.000870301,15
-0.002685991,0.006660906,19
0.004013282,-0.00865288,26
0.000621643,-0.002802364,2
-0.007612889,-0.008540317,14
0.002410644,0.00452488,15
0.012085681,0.005462977,20
0.006593841,-0.00306865,3
-0.001837525,0.007755186,11
-0.006591653,0.000413363,27
0.003105157,0.002906746,11
0.005353245,0.004083954,25
0.011510022,-0.000464215,29
0.000549286,0.011286542,2
0.005161953,-0.006750262,16
-0.000411589,-0.003810528,22
0.00218549,0.012943771,14
-0.001993307,0.009870726,28
0.000333158,-0.006949423,4
-0.000702319,-0.005531478,3
-0.001548753,-0.008996524,11
0.012033753,0.002585589,29
0.008863388,0.007147886,18
0.001487394,-0.006893556,6
-0.00577665,0.006958308,21
0.001786739,-0.006623518,22
0.009149726,0.006746545,17
-0.008647751,-0.006552569,7
0.005572041,-0.004578588,3
-0.006375781,0.000313909,22
-0.002212855,0.004342214,9
0.003581928,0.006036149,24
-0.010744022,-0.003363149,23
0.000190375,-0.014168708,25
0.007799716,-0.003084822,26
-0.010890837,-0.002785093,16
0.00325612,0.00127496,4
-0.013409897,0.001162094,29
-0.004284313,0.001760011,9
0.011684265,0.002340863,2
-0.005015849,-0.001784931,6
-0.006671279,-0.011333059,7
-0.004731067,-0.001596369,28
0.009947861,0.000546018,6
-0.003978076,0.009843513,13
0.009436139,0.003819658,17
-0.009547496,0.003048023,15
-0.002254539,-0.008067359,13
4.12E-05,-0.008994676,11
-0.011509028,-0.000574425,13
-0.008271408,-0.011361981,7
-0.008203342,-0.000485306,13
-0.002559314,0.006376971,24
0.010268649,-0.008287355,12
-0.005848896,0.007305711,21
-0.002774306,-0.004693202,6
0.009556275,0.010214306,18
0.008835479,0.003178269,21
-0.006336787,0.009080083,7
-0.005794467,-0.006559446,2
-0.006740279,0.009915175,29
0.00482661,-0.006820545,4
0.006491908,0.007230801,13
-0.010914205,-0.005627226,1
0.000509664,0.003657704,3
-0.007152704,0.003793549,16
6.94E-05,-0.006732176,15
-0.001660764,0.014482035,14
0.005675276,0.004535735,22
0.003169327,-0.010830007,2
-0.005758467,0.000385379,24
0.008406927,-0.001643068,15
0.005653339,-0.002894991,11
-0.001791432,0.013439928,18
-0.011259142,0.001354006,7
0.004330627,0.004247289,15
0.009969525,0.003993469,21
0.002515322,-0.011460181,13
-0.000713086,-0.010010759,11
0.01020315,-0.00729925,20
0.005918105,-0.007905569,23
0.004597485,-0.012962332,20
0.004751701,-0.004991005,3
0.003338664,0.012740637,23
-0.004537032,-0.007519769,11
-0.007651994,0.005417742,19
-0.004297824,0.009553869,25
-0.012510338,-0.000926808,27
0.004000995,-0.00910138,27
-0.001419326,0.014025208,8
0.002561385,-0.01434172,8
0.008129539,-0.009434097,25
0.003880986,0.001527126,3
0.010303236,-0.006130232,16
-0.003936243,0.004203393,28
-0.007619902,-0.011103097,10
-0.007370109,0.004521689,11
0.006986235,-0.00054856,1
-0.005694993,0.001800603,28
-0.002609471,0.014732597,29
-0.000358235,-0.013012203,7
-0.011421421,-0.006278933,23
0.007601272,0.002141212,7
0.010111221,0.009585438,20
-0.014919105,0.001099079,29
0.008448466,-0.008712205,13
0.001958606,0.008163336,22
0.001158676,0.014485927,10
0.010172137,-0.000731153,5
-0.011854311,-0.00406942,12
0.013533162,-0.002102786,7
0.012868698,-0.004966828,20
-0.014585782,-0.000187912,13
0.014944688,0.00517954,12
-0.00651269,0.008742076,21
-0.002596212,0.008910222,9
-0.005352033,0.004973105,9
0.007233463,0.006603712,19
0.004036001,0.011447295,27
-0.006193928,-0.008445748,20
0.002402842,-0.000317078,3
-0.012753221,0.009174454,8
-0.010515804,-0.010424504,5
-0.007213437,0.006969528,26
0.000483046,-0.004329601,9
0.004773701,0.014232711,18
-0.014596072,0.005205236,25
-0.005119755,-0.007689407,22
-0.003531853,-0.008458471,2
-0.009050672,-0.002357747,21
-0.004669447,0.00270254,9
-0.003904492,-0.008200782,3
7.88E-05,0.005906317,24
-0.001146015,-0.005803173,24
-0.013471655,0.006654226,23
0.010859444,0.010695279,29
0.006344423,0.000747813,26
0.003976739,0.002486398,24
0.008382306,-0.010053863,27
-0.000675407,0.005226506,26
0.005165599,-0.002670783,9
-0.001673569,-0.005745476,19
-0.00965032,0.006772508,19
-8.73E-05,-0.012388791,20
-0.012195606,-0.009800391,27
-0.011289543,0.003128174,21
0.010157424,-0.009831856,23
0.010217435,-0.002868683,28
-0.007122315,0.013634135,10
0.016267069,-0.002204452,23
-0.007891991,-9.65E-05,28
-0.007836666,0.013699624,7
-0.003887007,-0.005783863,26
-0.009093328,0.011357357,13
0.002271898,-0.013493006,1
-0.014798954,0.005614747,18
0.010390123,-0.01175859,13
0.005136951,0.001961372,28
-0.00194569,0.008442938,16
0.008395791,0.005823139,1
0.001251854,-0.016729889,29
0.001347626,-0.013530046,5
-0.017015808,0.001927791,14
0.01547061,-0.00581393,12
0.009144861,-0.011925829,2
-0.014120149,0.003625459,7
0.00419678,0.003770931,24
-0.010626737,-0.008068686,21
0.013155432,0.006881769,7
-0.001748717,-0.013730664,25
-0.007065845,-0.012874059,18
0.003158299,0.011675729,17
-0.004035306,-0.011775664,20
-0.000176566,0.006454286,28
0.00129998,-0.005887837,28
0.003765137,0.002078605,22
-0.005066331,0.012156378,15
-8.58E-05,-0.005034262,11
0.009518045,-0.015262741,29
0.010291586,-0.012783666,18
0.000996289,0.011385531,9
0.004005046,0.015730759,7
-0.006568854,-0.015946348,14
0.003318682,-0.013615587,28
-0.012813414,-0.011286559,10
0.009987988,0.011340485,21
0.001682761,0.008043795,26
-0.011814957,-0.005739291,19
-0.007423137,-0.000889454,11
0.004445555,0.014189184,7
0.00370096,0.010693591,27
0.000476555,-0.015839817,27
0.00298967,-0.004051453,22
0.015817978,0.005408156,13
0.006154139,0.015442748,4
-0.00091649,-0.016195052,17
0.009570653,0.010268027,26
-0.016717508,-0.001611245,5
-0.003464426,-0.012239661,15
-0.00613257,-0.012574828,26
0.004139876,0.007154049,28
-0.016741298,0.004293775,4
-0.013052706,-0.000565008,15
0.006954586,-0.003605888,9
-0.009113498,-0.009326712,19
-0.017811642,-0.005865782,7
-0.004155395,0.015135521,1
-0.008324153,-0.014482409,16
0.01021998,-0.010886281,2
0.012984845,0.014982228,8
0.01011685,-0.003472365,22
0.000379637,-0.016280684,17
-0.007162225,-0.003970742,22
0.016419222,0.000716757,25
0.00883094,0.001684037,15
-0.002643528,0.010814575,9
0.001011225,0.011374123,24
-0.002738225,-0.007743267,15
-0.013703641,0.004438191,25
0.016765593,-0.00832475,17
0.016915855,0.007918258,23
-0.014145505,-0.012270691,8
-0.013041141,-0.011649192,13
0.000861325,-0.018100972,16
0.00680069,-0.017760829,10
0.006899641,0.002159683,9
-0.001219406,0.00715312,26
-0.016274455,-0.008925865,8
0.006546845,-0.016657483,16
-0.007162356,-0.014079385,25
-0.00156332,-0.016826227,27
0.006000623,-0.015891392,20
-0.000332477,-0.016449414,11
0.002632238,-0.016493114,1
-0.016591977,-0.004185682,4
0.008015662,-0.016644048,27
-0.005859648,-0.002733431,6
0.006933863,0.011117486,24
-0.010104807,0.012607233,15
0.009572169,-0.003004746,22
-0.018562642,0.003872729,10
-0.005696293,-0.004606466,24
0.010524606,0.006833124,22
0.005800737,-0.011116616,21
-0.009810828,0.011947069,19
0.001726849,-0.01938706,14
0.009020511,0.001300497,26
0.011349059,-0.006941561,3
-0.016789701,0.011157037,18
0.001259933,0.017619701,13
0.017366777,-0.009109731,20
0.001503643,-0.019580666,13
0.005777099,-0.001712087,28
-0.014329423,0.004043757,26
-0.01170942,0.010921885,27
-0.004499515,0.018155489,12
-0.015264881,-0.012152993,5
-0.008063901,0.00438984,6
-0.02067554,-0.00239307,17
-0.018547887,2.58E-05,2
0.002956745,0.01832375,2
-0.012041934,0.003154609,26
-0.0075719,0.011355698,24
0.020688999,0.003251239,5
0.02066467,-0.003726016,18
0.011364397,0.003892945,4
0.012669753,-0.016713681,14
-0.010716597,0.015026465,15
-0.020264253,-0.002843867,10
-0.018459894,-0.008172355,18
0.000198168,-0.014242804,6
0.010399486,-0.016589914,7
0.002245562,-0.011776437,21
0.004559206,-0.020556196,18
-0.013481462,0.016932973,5
-0.003885717,0.015385668,25
-0.018710703,0.002154974,20
0.018880286,0.002467199,2
-0.010582822,-0.017738134,23
-0.010743642,0.00695235,4
-0.020052275,-0.004169893,16
-0.008400392,0.019695863,23
0.020290952,0.005373584,16
0.017429883,0.000994413,27
-0.014987079,0.000948185,26
0.017814013,0.012494616,12
-0.013995903,0.000171893,11
0.011094581,0.015106305,27
-0.01639448,0.013119286,20
0.016559527,0.001571472,22
0.004807888,0.013466467,11
0.021026044,-0.005678536,5
-0.004608527,0.01776129,27
0.001352555,-0.013966918,28
-0.02035846,0.004377192,1
0.000980359,-0.015020413,3
-0.014395046,-0.014696304,27
-0.017995181,0.013306432,12
-0.017361193,0.009990195,2
0.011020386,0.001299652,9
-0.02210476,0.005897458,12
0.016533592,0.011095236,16
-0.002247713,-0.021705315,23
0.010861393,-0.00955816,11
-0.009696123,-0.019828032,7
-0.017473367,0.010919151,27
0.01661135,-0.002015489,7
-0.009464767,-0.012047738,6
0.020096005,0.004053996,25
0.014010739,-0.005238549,22
-0.007091377,0.00405242,22
-0.023223093,0.001672316,13
-0.011179641,-0.008345233,22
0.00803846,-0.021123762,5
0.010372315,0.006882305,24
-0.020374874,-0.002388517,21
0.00305708,0.021349327,21
0.003138169,0.020936213,2
0.017023649,0.005319127,22
-0.001926917,-0.007279556,9
0.010865442,0.017305939,16
-0.00846116,0.020645855,20
0.015007792,0.015354631,2
-0.007978748,-0.020000485,2
0.012093168,-0.009581264,11
-0.01325611,0.008584107,11
0.005343969,-0.013603038,6
0.015480639,0.00210403,28
0.009953451,-0.019056196,4
-0.015867116,0.012637699,17
-0.011294386,0.014844653,28
0.023352895,-0.003007548,17
-0.001198698,-0.020874968,4
0.023995507,-0.000673702,13
0.005538694,0.002299099,26
-0.013823877,0.012811213,11
0.019925371,0.012085928,21
-0.02355159,-0.002140945,27
0.016367443,-0.014355583,1
-0.018372653,0.00955704,24
0.003324437,0.022375273,15
0.003062792,-0.016801995,28
-0.013143503,-0.017801404,17
-0.000355508,-0.016935626,11
-0.018274664,-0.012765158,17
0.014368816,-0.002671437,11
-0.022769745,-0.0008272,20
0.01944809,0.001297667,19
0.01355,0.001373427,9
0.009029122,0.019624397,1
-0.00802417,-0.009652682,24
0.019967122,-0.013539153,25
0.021256763,0.001442593,4
0.005723599,0.017957811,9
-0.003677376,-0.02527446,12
0.005714367,0.014581075,22
9.59E-05,0.017670977,28
0.001439394,0.024030795,7
-0.020705416,-0.014139944,1
0.020538561,0.009637241,19
-0.022753134,-0.003473407,19
0.018102644,-0.016668307,4
0.022730344,0.009946606,15
-0.007211368,0.017721344,9
0.017056788,0.000262512,26
0.017593797,0.018655902,15
-0.025455501,-0.002680366,25
0.017799086,0.004569542,11
0.022731241,0.001240372,1
0.023762202,0.003515251,4
0.021480652,-0.008604553,3
-0.00903478,-0.020267353,21
-0.017849977,-0.004365315,26
0.023916356,-0.005730142,21
0.002095627,0.023957731,24
-0.018031732,0.015818994,17
0.020734813,-0.005290605,15
-0.024766983,0.006176177,2
0.013913194,0.016826443,3
-0.010118528,0.023702289,2
-0.024416544,0.003204224,17
0.014027836,-0.019792399,19
-0.025297055,-0.004332092,17
-0.017702618,-0.008668593,9
0.013722612,0.023616489,13
-0.015791874,-0.011957108,3
-0.006778666,0.025000707,16
0.023397667,0.011411687,25
0.020150824,-0.017312432,27
0.004739582,0.02520385,19
0.015716724,0.022456731,17
-0.011476018,-0.024490366,4
0.010331076,0.024559579,25
0.014845612,0.017172788,11
0.02082969,0.001409942,6
0.019160898,-0.019706288,4
-0.020203683,-0.018715919,2
-0.008076743,0.02417176,4
-0.017253318,-0.022098377,20
0.02818167,0.004016116,16
-0.002507069,0.027633175,19
-0.02008811,0.019457196,16
0.01191947,-0.020104921,22
-0.008670077,0.020825784,22
-0.000212045,0.027159876,24
-0.01921261,0.021389929,25
0.02432481,-0.011336028,21
-0.002128507,-0.023280898,15
0.000804081,0.029025884,27
-0.024475147,0.000840101,9
-0.00274049,-0.021991647,22
0.003068344,-0.022064562,11
-0.000457817,0.026210676,28
0.008828029,0.025970101,4
0.023490098,0.018741332,7
-0.020468163,-0.020065245,19
-0.027168369,0.011781289,4
-0.014465491,0.026352766,1
-0.008066871,-0.024980133,19
0.016385097,0.019663508,3
0.011641704,-0.024651519,6
0.022164665,-0.011975313,11
0.012678883,0.019106221,28
-0.005559147,0.026999422,28
-0.01924446,-0.021723982,21
0.013713369,0.02236857,11
0.025695087,0.005774328,28
0.02366628,0.013980694,28
0.003758289,-0.029173727,21
0.018130521,0.015581306,6
-0.031024786,0.003342189,4
-0.025686662,0.017907043,21
0.030598434,-0.004951535,1
0.030635227,0.002843963,27
0.000719143,0.027256359,11
0.015168303,-0.019253527,28
0.023691921,0.019667444,1
0.025888114,-0.015189807,19
0.029511827,0.013858057,7
0.02061167,-0.022265262,19
-0.021824162,0.01340239,28
-0.008630316,0.030325376,17
-0.025895194,-0.010841834,22
0.02906489,-0.00111442,11
0.007816144,0.031507012,4
-0.024602996,-0.015216094,24
0.014060002,-0.02876449,21
0.01545672,0.023881439,26
-0.018375138,-0.017392321,9
0.025078855,0.005361745,26
-0.000388594,0.033405111,25
-0.02737113,-0.000459709,28
-0.005709293,-0.027846104,24
-0.029630455,-0.000862132,24
0.017248233,0.026278901,22
0.031469061,-0.002408914,22
0.009687943,-0.028474776,28
-0.02952265,-0.005820042,3
-0.00754989,0.031348103,9
0.03155538,0.014205724,15
-0.010716649,0.031662753,28
-0.000953465,-0.027028584,26
-0.006690654,-0.032030371,6
-0.0004278,-0.034221951,19
-0.015577031,-0.024268921,26
0.028602978,0.010949226,6
-0.03095306,0.008887398,11
-0.030403927,0.010992488,3
-0.016751513,-0.027416579,11
0.032188169,-7.42E-05,28
-0.029606396,-0.014888139,9
-0.022802584,-0.024784221,6
-0.026326851,0.020950259,11
-0.032888637,-0.009183123,22
-0.001506407,0.03352746,11
-0.012227955,0.03098637,3
-0.029213106,-0.012309092,28
0.020859131,0.029511975,11
-0.016944429,-0.028390475,28
-0.022109049,-0.026137709,22
0.00756175,0.03319259,3
0.032787379,0.007445316,24
0.012657997,0.032991441,11
0.034027749,0.001617768,24
-0.005273283,-0.035074428,28
-0.029194313,-0.022252066,11
-0.016104952,-0.03095242,24
-0.036604334,-0.00911635,15
-0.034503948,0.017410613,15
0.028939099,-0.0175188,24
-0.025874563,0.02487024,3
0.004780348,0.034524152,26
-0.031500257,-0.020696198,3
0.002450536,0.033445665,6
0.006874245,0.038004548,24
-0.012499732,-0.036943761,3
-0.009577687,-0.037548649,15
0.012831964,-0.036530019,11
0.032174806,-0.017750419,24
-0.032850418,-0.019827157,15
0.025910816,-0.02903755,6
0.011061727,-0.039029688,3
-0.036551044,0.017264592,24
0.020030014,0.033681661,9
-0.025159178,0.03069974,9
0.01216372,-0.03778738,15
-0.036158745,0.016982467,26
0.014907163,-0.033168142,9
-0.036974321,-0.015191748,24
-0.023238903,0.031228024,3
-0.034286511,-0.020588025,28
0.034200482,0.02432233,3
0.028838717,-0.025176427,26
-0.037023218,0.011502491,6
-0.027670496,0.028700806,26
-0.040351722,-0.007913015,26
0.038882082,-0.011517122,6
-0.039461677,-0.004451912,6
0.015462897,0.035863866,6
-0.036281011,-0.020115093,11
-0.01374182,0.036089457,26
0.04036534,0.002208593,9
-0.040805604,-0.00876829,26
-0.042029479,-0.004479112,9
-0.026737508,0.027316062,6
-0.004136517,-0.039052633,26
0.022706131,-0.031569214,9
0.030153428,0.028032496,6
-0.022097007,0.03396173,22
-0.038092365,0.01476609,22
0.035874684,-0.025028011,22
0.005955529,-0.040870223,24
-0.030487732,0.02871786,22
2.36E-05,0.04269016,22
0.038386488,-0.019951533,28
0.035789235,0.023820564,26
0.02717904,-0.032291427,24
-0.02212535,0.037575293,6
0.035895837,-0.028261921,15
0.037143222,-0.023629178,9
0.038100302,-0.022745348,26
-0.003153422,-0.045278194,22
-0.023920555,0.03794606,6
0.038624116,0.023692833,11
-0.04276185,-0.015720386,11
0.003468628,-0.045104524,9
0.011783787,-0.044118114,26
0.040450587,0.021778796,9
0.020989243,-0.039092628,24
-0.043672229,0.015549118,28
-0.02147299,-0.040192149,9
0.032083544,0.034356034,26
