1.0,3.9464846413695764,3.7744969497321716
2.0,4.9644066076339675,-0.6321866986155735
3.0,2.869595867356511,4.000394642660435
4.0,0.13749582852319842,3.2000883665003994
5.0,0.4451279901968112,-4.151785263479077
6.0,0.0061779964596327145,-2.9101147209624845
7.0,-1.8548153067194237,-5.566616969365861
8.0,2.9036279042180695,-0.8329131065011985
9.0,-1.952654520836691,-5.146884566332027
10.0,4.9862628973248375,-1.0300277269330527
11.0,3.4047833824379534,5.461071204399568
12.0,-1.2519875812874928,-5.969215241701707
13.0,-5.057098332460316,3.040455014509523
14.0,-0.18945248451782473,-3.5743500701432183
15.0,-1.4919572081659878,3.3922675590069256
16.0,0.3909571407326668,-3.5190354242821127
17.0,-5.770920461997164,4.630604058737651
18.0,3.5699753028119816,3.6461355966341134
19.0,4.874233973843018,-1.9463786513004826
20.0,-2.055843734700293,-5.268714193689012
21.0,-1.243400995508614,-5.52532186337845
22.0,-1.8156318147112016,-5.917673513301503
23.0,-0.9893509527075172,5.56251254739708
24.0,-6.152596603761692,3.4751553854246287
25.0,1.1312342979220114,-3.749534198757967
26.0,-0.2386402691907444,-4.593273171791403
27.0,0.6898012515901557,-3.091678379955712
28.0,1.1244824315468283,-1.7754816653559038
29.0,-4.142400280981029,0.19973651298362952
30.0,-6.080937854322705,4.127253698960622
31.0,-7.533400355434713,-3.0369266400482013
32.0,-1.1556503146610555,0.7662762248596857
33.0,1.950980592185976,9.42937741020539
34.0,-5.315923038444443,-3.5525590332041364
35.0,4.1570476721411955,0.867229177886002
36.0,0.2582621701903059,-2.3876721320797576
37.0,-1.118173085627577,4.567045851427518
38.0,-2.014235584283078,3.193523304399963
39.0,-5.899245430644818,-2.9715348397971897
40.0,-1.6285192275592169,3.478382640218666
41.0,-1.9432171779480034,-5.1380883396234545
42.0,-2.558798171646472,2.3503116932318693
43.0,2.9729414197570994,-1.1863164383810758
44.0,-4.461775171528177,0.6109581574178514
45.0,2.949254222063519,-3.4115169610922584
46.0,7.935481238102531,-1.7405983568477057
47.0,0.2975966728782349,2.694625170976943
48.0,3.1671235145220082,-2.6734069104036817
49.0,2.3971598167644816,-1.6522855175813627
50.0,4.621342779875425,1.511069167442702
51.0,4.150682937946991,-4.0912157032536465
52.0,6.205695173528158,4.691988478513279
53.0,1.915365167720537,8.729696366348143
54.0,-6.33872427465543,-1.8028426405395022
55.0,0.628850355847166,-1.6679475414020055
56.0,6.43447519164196,4.710246137127816
57.0,1.1907539077739047,-1.987065105592719
58.0,-0.7142549104611556,2.459872326123761
59.0,3.9117892768624256,3.2284645511156107
60.0,-1.0363687362632128,0.5372190426881355
61.0,5.248627924860379,-1.313414700494457
62.0,3.4060632004481364,0.8739890404462213
63.0,-4.438847054804222,-0.045225558058397154
64.0,-1.5010574199987727,0.4387710989445736
65.0,6.345883527415749,3.662611993877852
66.0,-4.187183272343062,-0.14803511383576864
67.0,2.9647305181087527,-3.6239712103885555
68.0,-0.3016789092425577,-1.888422870800191
69.0,2.537271162598827,-2.423706336295054
70.0,6.2633859001841925,-0.6216217367144362
71.0,0.19255719238399815,-4.058098335618166
72.0,-6.1299553436641885,-2.8164243025352724
73.0,4.488972544740355,-2.128843504828344
74.0,3.728197497835851,1.186515601183667
75.0,-1.8648330261699613,-4.904134041858831
76.0,-1.8569524763543928,3.2702484326967296
77.0,6.808466072904169,3.8373242820696745
78.0,-5.487980085365925,4.406304516389902
79.0,2.8675197670099677,-5.172289854759735
80.0,2.0779692777830507,9.209469286592572
81.0,4.946453659596096,4.37347052767335
82.0,-1.0902532848380733,-5.551833829493412
83.0,1.4205517750196996,-2.494978804276509
84.0,3.585243080769041,-1.9260208185136625
85.0,-5.413164446348643,2.6402617628746587
86.0,-3.093687793158471,3.2518842958424306
87.0,-2.7945032078737793,5.659603252330529
88.0,-4.734252927693302,4.33449522270867
89.0,4.2377104913638615,5.177557000460726
90.0,-1.7354747509284134,2.9522843736328688
91.0,2.542070686570774,9.33192349632514
92.0,-1.8725218073974135,3.174857364858669
93.0,-1.7344634581531444,0.14636587122533243
94.0,4.311131170612096,1.2409654615634187
95.0,-5.100307157456299,3.167879050082411
96.0,-0.2938332647094298,4.987374016433556
97.0,4.575914585188057,3.470223318033639
98.0,-2.0942904835029323,4.1259502465199756
99.0,3.839553506257426,-1.8095060588222533
100.0,-1.0110065411948255,0.12546988848110885
101.0,4.759529817245234,3.684860970516006
102.0,2.326276797664036,-2.101073645438964
103.0,1.2261208840667108,-3.7138743026782874
104.0,3.4610220401433174,-1.7340417556147245
105.0,-4.707727092118963,1.393749239486111
106.0,0.8243614391838192,-2.0899061297906947
107.0,2.964986741423203,-1.657354242746696
108.0,-0.42543249263073835,5.303687730552573
109.0,-2.3391256787698183,3.425787619646464
110.0,3.0734425492846777,2.830314211758646
111.0,3.0008184345621935,-1.4742858850838807
112.0,-1.4432897626269536,-2.5206495577327623
113.0,-4.971327317025716,2.940378944799625
114.0,0.6005953500604507,-3.16893650089184
115.0,-0.002723630502206681,2.7070481191753135
116.0,-2.1310674338294087,2.9631561430669486
117.0,-1.8457941525286643,-6.2288673918087865
118.0,-7.8077989891777655,-3.1079500249704686
119.0,-7.62261401401309,-3.3351051223675556
120.0,-0.18939615449250352,-3.8519244361933067
121.0,0.5934141096655328,-2.314710227515768
122.0,2.407599185421624,-3.3441891855752237
123.0,8.380168547085697,-2.2027558860326995
124.0,2.143180187179568,-0.07288807485943412
125.0,-6.185382151188956,4.201556161234188
126.0,7.548821407799891,-1.4389020384334967
127.0,0.7631913769157261,-4.19778664254506
128.0,1.0608310132457173,-1.8658927738804005
129.0,-5.0420157534819685,0.25884868210359196
130.0,-4.112596546064921,0.3906501331601879
131.0,-5.7196339604386734,4.236806973814755
132.0,4.120179541703111,1.3868398423227453
133.0,-1.3676851158824719,-2.257928508408748
134.0,3.1819017794761186,-3.8736253320465663
135.0,4.213333087686061,5.147070084651185
136.0,0.7287133242779533,-2.7644204259410206
137.0,0.9765824577847849,-2.4639249605764086
138.0,3.3526326834092033,-5.158811955537419
139.0,1.4219619897470308,-2.6987585025431104
140.0,4.081352191044656,3.485848933038969
141.0,-1.5549142386038404,-2.0885437526582487
142.0,2.883054947713415,-3.571269216695894
143.0,7.589254884839448,4.1116979882961315
144.0,-1.5473667360731498,0.6914836431758362
145.0,8.183795667326123,-1.600211340861034
146.0,4.168684781312762,4.636147824254053
147.0,-1.752608398553622,-5.603748018256904
148.0,-1.0110300704779174,-5.224972086972954
149.0,-5.789596973776465,-2.2573382922684955
150.0,6.051668127882481,-0.9567895979560161
151.0,-0.05066596834661769,-2.6585933812184046
152.0,0.6399995747493903,-3.2164596231266853
153.0,4.317581021190356,3.4432846722418895
154.0,-1.643796791348911,-6.594116546905758
155.0,0.24896660256575948,-2.5294257358393506
156.0,7.450284086104488,-1.585662617848027
157.0,8.562998118739777,-1.4692719089883859
158.0,4.21341380503057,5.152108726445681
159.0,-5.063048440484267,-2.9728911178709576
160.0,7.5598468835158155,-2.01988169228644
161.0,-1.65345842175013,3.9335000523717607
162.0,-2.536896732897372,3.326121278465586
163.0,-5.417100371096691,3.0372637710201755
164.0,1.014260699358004,-2.735789439680571
165.0,-0.7115728873229429,4.9950262898715705
166.0,0.8538400603241673,-1.6874886678984364
167.0,-6.152724295599842,4.351491029889822
168.0,-5.207505701154951,2.2257715580530006
169.0,1.0406019545522351,-0.9791547540542788
170.0,2.872266194346787,10.175640211819209
171.0,6.492586473963325,3.431434205037013
172.0,2.5038948411222632,9.885826478520267
173.0,-1.807628721935295,1.1054500264775866
174.0,3.077731077780421,-1.8787539496266517
175.0,4.4051985409986605,4.697763867631223
176.0,3.2246819484350806,-1.248182783945441
177.0,-4.295648190180784,0.08578021022311648
178.0,0.766748808912724,-3.6768147119209695
179.0,-5.317949867430631,-0.31880919375546707
180.0,7.1403501386759505,-1.7559173325887232
181.0,-1.7905281447153416,5.82600025724546
182.0,0.2354768226044705,-3.7727871732984197
183.0,-2.769375562182148,5.379809902969386
184.0,4.649686023502211,3.6335300436286717
185.0,-4.241361903281035,5.395144321078737
186.0,-5.205593900888681,0.05953070373490541
187.0,-1.6941852353947124,2.8376875690756624
188.0,3.519818286757773,-4.543826353597041
189.0,4.997001467386891,-2.216071145282161
190.0,-6.584281526281081,-0.7337426190695955
191.0,-5.7859024189874875,-1.9284685990597177
192.0,-0.8407102626050688,-4.0838254444777435
193.0,3.0878489588269495,-5.335349723211233
194.0,-1.202904069062966,-0.021372748038028376
195.0,6.9928969949157525,3.9875423957965492
196.0,-2.3514792043293387,3.869761310351365
197.0,-0.5540361859640553,2.3207509613541775
198.0,-1.493786403512983,-4.247372375780052
199.0,-3.195402678600201,6.1560199361728705
200.0,3.421384817953373,-3.8088899076976728
201.0,-5.351157191467162,3.0282232889786083
202.0,3.0778106370749025,-3.12249965633032
203.0,-6.143163547020716,4.347517018539001
204.0,-1.4337068606171823,-4.588302143141121
205.0,4.069686832005996,4.242437208391392
206.0,0.6639618170666722,-2.872738623426869
207.0,-2.0425544910643563,-1.7459922085961226
208.0,-2.3681707337057656,-5.128676844221627
209.0,0.8654451553991918,-1.5489444200932199
210.0,3.471318254874171,-3.1036015580197143
211.0,-6.20787297933266,-0.5092056039735011
212.0,3.3945024990275674,-5.199165087693705
213.0,-4.321907736089255,1.8233602326985263
214.0,0.5332893478101773,6.306251704494723
215.0,-1.926497693915604,5.303407341633496
216.0,-4.498881896436188,1.5926765141551136
217.0,-2.060010801091132,2.958327735253825
218.0,2.817643389788199,-2.1611582608406428
219.0,2.8773436873925196,-5.4231156646833805
220.0,2.666655533511523,-0.9101654844194462
221.0,-1.9403853694236348,3.080937595492076
222.0,3.43930234715446,-5.186677695275026
223.0,-5.547127270446323,0.3103861610944486
224.0,3.502175073412354,4.815096177602072
225.0,0.8075810914413755,-1.866855723766316
226.0,5.06783609867906,-1.5461911752394935
227.0,-6.2213115149699165,-1.121591341146903
228.0,1.4530739316808199,-2.4308700321069163
229.0,4.779958199966805,-1.5541089038981177
230.0,3.547229663935522,-2.6826450022935426
231.0,-1.1456485461365535,-0.23914688207636864
232.0,7.0045523002344945,3.547034935933274
233.0,-1.2712963884070692,4.229889425064641
234.0,3.2918582705271437,1.7056291482657766
235.0,0.5802771772928133,-3.7838314482128155
236.0,-2.5254226842650898,3.474691189250733
237.0,-7.1158225041671415,-3.0951253733664528
238.0,-3.0579199010080638,2.1520416895459618
239.0,-0.7262887645540129,4.8109333121252575
240.0,2.4874886810796464,10.210253350821146
241.0,4.70869099655612,4.673732513717535
242.0,-4.168436477838015,2.0912118124978454
243.0,3.461027944777775,-1.3515536837823412
244.0,2.6496579635880617,-0.9811966373112679
245.0,-1.659650120473299,-1.416805851807478
246.0,-5.624289748132828,2.6730130304108464
247.0,-1.8425768948797596,-2.668143419627121
248.0,4.7868020915567895,-2.0312352696250757
249.0,0.9252103568989714,-4.16750709953486
250.0,3.3989631667906908,-0.7529788349977574
251.0,2.4238470653333977,10.360928981271257
252.0,1.0220268697208295,-1.9920895100684084
253.0,8.526885818484212,-2.4157290908495583
254.0,7.965134359408325,-2.258897907440426
255.0,0.5582414174519826,-2.664458830824941
256.0,-4.632363751894538,-0.8004963566693065
257.0,-2.108739578445907,3.035416825094388
258.0,0.06495232668252864,3.3744085942862
259.0,-1.5000966594632281,-2.512781985124901
260.0,7.613403850872359,-1.711377536828003
261.0,-1.1336133046965624,0.09562240663735458
262.0,3.581021084545489,1.4092108674671477
263.0,3.6831969465495127,-0.9967456001597537
264.0,3.6296257106355303,-1.6015976597644133
265.0,-2.2385310095869686,2.7771919153512763
266.0,7.406844903894197,3.7548468100708625
267.0,5.822625003999789,-0.7237667763970266
268.0,2.171035527476895,9.81605283343336
269.0,-5.216252650536684,2.8508848829500404
270.0,-2.1225462515472295,3.5830230999766925
271.0,-1.4636517214015352,0.6559839806191945
272.0,-2.3629211312435903,5.3995217257700885
273.0,0.1803289423176077,3.241154843514132
274.0,7.492824862183774,-1.0923921765054834
275.0,-0.5997162762160071,2.017222639547806
276.0,-2.046269393059313,3.1703920801499526
277.0,0.855107607888912,-2.5707637121534446
278.0,-0.1408745435115401,-3.1805369766072182
279.0,-2.725948467946456,3.1639125233635896
280.0,-2.9652709397245443,5.274010195226419
281.0,3.0522075811454923,-2.3737184098672706
282.0,-5.47832075320257,2.8850844519299628
283.0,4.354076736476887,3.8111983592179524
284.0,0.7268203904551177,-4.0218140571235175
285.0,-4.00939600600455,1.781961653327114
286.0,-2.0832189504888157,2.923247579850121
287.0,-4.254560560634306,-0.4473989577902755
288.0,3.584297052776814,-4.939423368113853
289.0,4.685299886113772,3.8610357856323403
290.0,-1.7615992832946217,-5.824019791037348
291.0,-2.864955732518035,5.637984455523985
292.0,0.3246170760516061,3.4625815029877587
293.0,-1.652034938102385,-2.4524826972677864
294.0,0.12293672841716419,-3.8239020191141613
295.0,7.094618645216451,3.622241442679764
296.0,3.111539449267392,1.2214326645647315
297.0,-1.7798096372553902,0.5856514055080942
298.0,4.139759749734246,3.430686444857641
299.0,0.107977507681402,-2.4393622985698244
300.0,3.450997020864886,-3.9765144272155775
301.0,1.0257387649869327,-2.304677566752899
302.0,-1.9356658658476542,-2.5944235844888506
303.0,-2.8617853221064364,5.656133819025088
304.0,3.790842949869766,-4.6396795811992275
305.0,1.082734792956146,-2.0879141238111862
306.0,3.164047577105479,-3.4763491468173218
307.0,-3.457050162857258,5.7288317481930235
308.0,3.5750967770669866,1.5299999662555226
309.0,3.6008787035329024,1.1416580123957518
310.0,4.049002402488172,4.214651679395615
311.0,-2.7006050214198876,2.931680383044894
312.0,4.5358944465368545,-2.3850362485567573
313.0,-7.2804165009908175,-3.5963781696993893
314.0,8.135892299783533,-1.1560989588628334
315.0,0.06030971727409808,4.862829861883846
316.0,6.898066233142919,3.9179458007272965
317.0,-0.04235795249322498,-3.2218366901381432
318.0,0.753442687883372,-1.6926277061787272
319.0,1.1370370273088541,-2.200551602411443
320.0,-1.6523484953118186,-2.217996129639772
321.0,-0.22890618977598898,2.2325790950914395
322.0,-2.2214326886080635,3.2737365132176017
323.0,2.473023796296248,9.340294658937808
324.0,2.1316726517652187,-2.188501968391949
325.0,-3.4196310946438686,5.288620354986196
326.0,-5.062080016783083,4.796790696788923
327.0,2.9174059872753557,-4.500228389164228
328.0,3.4142004139792586,-4.198385286778868
329.0,-1.5222914495708932,-5.243038515661826
330.0,-1.8979182501642482,-5.716596751410987
331.0,0.14953660832926352,5.876907622327845
332.0,3.074171491397288,-5.657529915248765
333.0,-0.14011557764048044,2.450633782283648
334.0,7.117362685947424,3.309207812043952
335.0,-5.914299029696405,2.8005845636388162
336.0,3.552248842751472,1.4629730599250068
337.0,-4.703018308763073,-0.454755006104532
338.0,1.8552476836107001,0.5484131513308768
339.0,-1.8431148741150423,-5.963297715080665
340.0,-3.9019963329763097,2.0282345303758094
341.0,4.399846799597649,4.703677677217266
342.0,2.950999315823694,10.229593539032352
343.0,-4.523221965551308,0.41536266447402687
344.0,-3.731041259402436,1.8906882351240455
345.0,2.6818814858372426,9.150211473039692
346.0,-0.1508380946342148,-4.0054745206375815
347.0,-0.06340371885361629,-2.306025780579941
348.0,-0.29217573379910133,1.6983464134182509
349.0,0.9216603322766296,-1.8516643278836853
350.0,-6.198602850087858,-1.9086532345599088
351.0,-2.427189033449941,3.068420812811035
352.0,-2.095067981922077,2.5145421667059997
353.0,-2.334072566687388,3.3231285810343314
354.0,2.9917202724712166,-2.8134115777384263
355.0,-2.0166609549592605,-4.81311308485911
356.0,-5.4801112625066715,4.257193557936444
357.0,2.4240020279627608,9.022773070155926
358.0,-6.385280950908583,4.127066071704847
359.0,4.612620058796833,3.5706623888290374
360.0,0.6691214754931748,-2.67688240105779
361.0,3.5469105958584892,1.6993554390611012
362.0,4.985443741763546,-1.422663242217783
363.0,-6.79063861858851,-3.059604941087918
364.0,4.69085917516408,-1.2634083813491637
365.0,-0.5225270181859176,4.8887534540773565
366.0,8.26558227798714,-2.2421212950343232
367.0,-7.806882667230035,-2.676097684767138
368.0,-5.419052598576469,2.969238468681113
369.0,4.163081636869767,3.9752562071814466
370.0,7.230915956452247,4.424691219623287
371.0,-1.8091022463003967,-4.232306184046716
372.0,-1.370579375606184,4.652044226500232
373.0,-5.520027094540618,2.7262177986194227
374.0,7.034032075012665,3.7956156926085596
375.0,2.984127070553316,-0.5397755470771811
376.0,7.621359928698057,-1.905200476777947
377.0,0.07800332104219566,2.4506924824863234
378.0,-0.36295851973073234,4.835769035895215
379.0,-4.377981350667295,-0.7727461752602445
380.0,-1.6001480385268345,-6.047220012724112
381.0,3.7619872536244126,1.3840797715736057
382.0,-1.3242916086456258,0.7044329899052939
383.0,3.6834073503533817,-4.892660066600866
384.0,-1.985127893256396,-5.928189929119627
385.0,-7.290837625181779,-3.268450602603047
386.0,-1.3798401522746517,0.42100759483078615
387.0,4.443111572498406,4.749811108441123
388.0,-6.087755229853027,-2.5729597833541007
389.0,-0.13750803633525344,-3.273285793392089
390.0,1.1151547582341226,-2.0292074346009246
391.0,-2.584501125703232,5.563909671738085
392.0,-5.676745470881745,2.8273475360920153
393.0,-6.052955001750533,4.459579160346907
394.0,4.795822781289532,-1.5774033706206574
395.0,3.907330310514893,1.4154635064035375
396.0,-5.4225698878931325,3.249296549436339
397.0,-2.0540902884445593,-5.029445026142325
398.0,-1.1858513176454264,-5.957588139365685
399.0,5.053159039571487,-0.9752182637872489
400.0,8.39256941051954,-2.0730321587401748
401.0,-0.3225196288178369,-3.4102367303308014
402.0,4.749851446785713,3.9547442874999454
403.0,0.8486603779602698,-3.4721264416207713
404.0,0.23258196961419064,-4.442334330184909
405.0,2.5688704155699624,9.657490761434348
406.0,4.579880982650087,-1.269476707772001
407.0,-4.978663954458402,0.36694334906818626
408.0,-2.2571004413669344,-5.325944880857851
409.0,-5.614562719084678,2.530382490439556
410.0,1.4220222949636625,-2.397694368281928
411.0,1.0234465115328661,-2.058400250869014
412.0,3.2898913317347604,1.0582544156016933
413.0,3.465472970670178,-5.429424267742275
414.0,1.7031327909439045,-2.555876554875845
415.0,-1.6613102498806556,-2.360089977954676
416.0,-1.4614017956997634,-5.639383881887861
417.0,-6.144967339774371,-1.8064826154497353
418.0,-6.19422029190955,-2.019066708633609
419.0,6.181530050801148,4.515076855272825
420.0,5.008547830467552,-1.490155086653543
421.0,-2.8218905948199917,5.892170335360162
422.0,5.2127321214039535,-1.2755401882646702
423.0,6.700429370411958,3.722697098423397
424.0,3.4756636636652307,-5.03276741577572
425.0,0.1191332194084154,-2.3576630202345306
426.0,4.033480448115624,5.178973224507707
427.0,1.2445789126269986,-1.7477695163318159
428.0,-6.98000292205653,-2.6458653955317266
429.0,-2.96522126255018,5.27360874675352
430.0,-2.1484312225090836,-4.680153380836513
431.0,-3.9852331525263742,-0.22058223613729314
432.0,3.596338860265722,0.9503629652810801
433.0,-4.001332767469406,-0.3010327364135524
434.0,3.9743846737456368,3.8581925849352965
435.0,0.8306152791636766,-2.038238612641287
436.0,2.970709853674489,1.1509501911839102
437.0,0.5731723545099348,-4.271778900630969
438.0,-1.0699179193788262,0.47964077457163035
439.0,-5.316700941617283,-0.2851889798639571
440.0,-3.279052937937411,5.733900566531354
441.0,0.2165152467591331,-4.667333225196949
442.0,6.107460538616925,4.484025299875935
443.0,6.811097195888748,3.8503817952128276
444.0,-4.700738997686716,-0.42981303456066744
445.0,-1.881421716279624,-2.222578024607899
446.0,-7.34333492733022,-2.874240973382942
447.0,-1.7621581895144958,-5.747306053069186
448.0,-2.187612218561727,3.087201742488765
449.0,-1.7999845201266085,-5.186449215695882
450.0,-2.9679893513395625,5.825241216660846
451.0,0.46245559973333206,-4.550629768194747
452.0,2.867533955700763,-1.126740433765747
453.0,3.5385665630474743,-4.613485433827392
454.0,-1.6527943875735585,-5.858260139725358
455.0,-6.222147729078648,-2.7362595907517298
456.0,-5.74570624479211,2.7427477852960447
457.0,0.12450170081687828,-2.891854524726723
458.0,-7.03205669004424,-3.184848611553867
459.0,-0.17931463926064295,-3.302213600025573
460.0,6.839779224056892,3.8329180101086964
461.0,1.2697319572829135,-2.4271984716641737
462.0,2.8853370483099576,-1.4497715929474366
463.0,3.5512377836813886,-4.149899458887866
464.0,-1.7674107439912676,-2.234246230938535
465.0,3.401926828731319,-5.308806378616467
466.0,-3.465333309516543,1.8147704718195028
467.0,5.104199607902456,-1.8337915264356437
468.0,-5.7983461335372555,3.025888004683233
469.0,0.4446100799298707,-3.060514557797622
470.0,1.1845154504664008,-2.4904289113303664
471.0,-5.4421222900056625,3.914520770745894
472.0,-2.3160242268900126,3.0732919349124037
473.0,-1.826946304343866,-5.044679538854936
474.0,-1.5894230300493486,-2.221159931040329
475.0,-4.201921677832368,-0.33539912667731747
476.0,-1.0636828976784984,4.749186000091491
477.0,-5.775961044410102,2.7333311742764805
478.0,-1.788877968743282,-2.527889972901352
479.0,0.6818346314661923,-1.0034123632294338
480.0,2.8604402961545996,0.8065910131659468
481.0,0.023527570766960673,2.7214153883671313
482.0,6.913412892542457,4.0424355879488525
483.0,0.12311315475678188,-3.5662035690882634
484.0,3.9650086814765113,-3.7475369739918416
485.0,5.14090019866564,-1.4958146479515475
486.0,1.0118717628613774,-1.8020478548121504
487.0,1.1299409338677948,-1.6671409864206348
488.0,3.3152663383084056,-1.051431817255944
489.0,-2.3909881686968486,3.062768306042299
490.0,-1.1098646166894395,4.757543145637778
491.0,-3.241214995191082,2.576620259994593
492.0,-1.970630786415575,3.1918811392489905
493.0,3.0959283039958687,-1.9063895763011447
494.0,-4.680273823445825,-0.16887516035332634
495.0,-0.8896723687310465,-6.296642780475885
496.0,2.9485676320985923,-1.8245351634355442
497.0,0.4577133424616221,-3.4470371017545305
498.0,3.481695008705505,-1.9112447797408194
499.0,-0.13304051561796626,5.572117766699869
500.0,3.1854811692392664,-1.2718538135639643
501.0,3.469834992290746,0.7520131954876563
502.0,8.254749153646427,-2.2287061750701214
503.0,-1.9491389093726275,-5.120643831915402
504.0,-2.186199730663951,3.0952796119566477
505.0,-6.240499047549995,4.34312981650727
506.0,-2.3692562837948947,-4.462187394436007
507.0,-0.13640872977153928,5.055379822577278
508.0,3.50088784611476,-1.3649580232452327
509.0,1.0247387525680638,-1.8939185325388783
510.0,5.171877780566343,-1.0989172203057558
511.0,3.276475640531388,-2.264675820563956
512.0,3.9345461213669037,3.907831379045136
513.0,-5.880063491190981,2.634165783739224
514.0,3.1712789082814163,-3.5572667461427137
515.0,-2.347020562358615,-5.348777061262979
516.0,3.255140881821904,-5.022281309287193
517.0,-1.6851544674515972,-2.2269535712405255
518.0,2.9658895641880965,-1.0046806330365676
519.0,3.399589748851772,1.3587488578607503
520.0,-1.001959870034443,-5.648541313812426
521.0,0.05686250399037917,-3.1667828248728562
522.0,-5.155312474030777,4.0934263151681645
523.0,-0.346596466076143,5.242814235107815
524.0,-1.7900543983588637,-4.9315618430229415
525.0,-2.462242184841894,-4.769724551970086
526.0,2.9977787282260056,-1.9722323270546211
527.0,-0.04392312150346078,-3.4309729556673187
528.0,-6.2688733617223775,-2.10001700991026
529.0,0.0030708331331688703,3.108643347509425
530.0,-6.13401368074554,-2.054357722509909
531.0,-5.666473772698302,2.9944807879935906
532.0,-0.04868948796300169,2.97426869683972
533.0,0.04735050572763978,-3.0096067088992853
534.0,-2.8254553175313135,5.57351854409522
535.0,7.064782927068797,3.9247426644222534
536.0,-7.348845625681758,-3.253151847162874
537.0,-7.45568225367444,-2.697523483443143
538.0,4.666021568709344,4.934551865818739
539.0,4.242612990016887,5.226656979445516
540.0,6.914538728280124,3.3092014063150024
541.0,-5.464646340723643,2.8915630926080627
542.0,3.463559181447009,-3.802017163978835
543.0,-3.510983211170014,1.7356865974977527
544.0,-1.2513993746528624,0.2774780832770094
545.0,-0.14739980913082332,-2.390976395637656
546.0,4.428400184135881,3.5334560674715214
547.0,-3.8037855806562257,1.8034475606138498
548.0,1.3174517397393892,-2.462237200052468
549.0,-0.4258562141980888,5.420618628471505
550.0,-0.15580579497698616,2.3378277847948525
551.0,-0.9862847108534073,5.010043847195434
552.0,-5.435912320881975,-2.0154811539838815
553.0,1.3536947921839153,-2.36720763351369
554.0,3.31032099714022,-2.342029849318181
555.0,-1.6608297215545573,-1.8400182125460738
556.0,-1.4416796866235764,0.5286276250986912
557.0,2.32094901162257,10.043574379037972
558.0,8.085507401360909,-2.068866346618646
559.0,-1.0733678877199515,5.128087300689999
560.0,-5.732771463500813,-2.4265353945858434
561.0,2.9810486763328115,-1.97488766049593
562.0,8.36986721525264,-1.6649380670635254
563.0,-2.0437349751659215,-4.834542493535362
564.0,0.9842799034201976,-1.6146100638510652
565.0,0.6280500569235069,-1.5814752963215049
566.0,-2.877026854045668,5.595254239541039
567.0,-6.4265755573462435,-3.0819141488449873
568.0,-5.522876690200959,-2.1754824498612755
569.0,-6.076804786632281,3.1549940255018685
570.0,4.123608346507539,4.9677159643858655
571.0,2.7657951194603703,9.959789613920547
572.0,0.7408856925585542,-4.270541208374746
573.0,1.0337595657515382,-1.2027396172996665
574.0,-5.7257689142205725,4.582119538092563
575.0,6.736627170688127,4.135761922218537
576.0,-1.450199444375129,-2.3071860669651434
577.0,3.3218211226642143,-1.1489188176114602
578.0,-1.7460535592926463,-4.889977925549492
579.0,1.2147871394576735,-1.5531808215917517
580.0,-5.708931172341047,3.401457821463993
581.0,3.4361108605316932,0.949576261671983
582.0,3.443065596332855,1.1915033831146544
583.0,-0.008590273336910714,2.3047723116498138
584.0,1.1357760092533729,-2.1879332214190987
585.0,0.45666119706564673,-4.324587019840603
586.0,3.5608280671848505,1.26122181585294
587.0,-6.8939750288992885,-2.9322060785817126
588.0,0.5928814899508091,-4.010325847816867
589.0,0.9498063881974156,-1.7646428381498398
590.0,-3.134538774346025,5.462255974314892
591.0,-3.2152165901657455,5.734934530926385
592.0,-5.863925297412657,-1.6239572252655137
593.0,-6.892649034848226,-3.329947418341894
594.0,-1.7074289108844602,-5.162254483944156
595.0,0.023049102712842006,2.6564337499613173
596.0,-3.203589414363022,2.399447817419585
597.0,-1.3018017014069347,0.07696992318700573
598.0,0.302367533366186,2.61209124759198
599.0,-3.1017499117869876,2.432016310787919
600.0,-1.274062038916564,4.761800753610064
601.0,0.41823157654599535,-4.363054851129742
602.0,2.864050733809616,-1.5633138379859484
603.0,4.2188887426166,3.6991921659620197
604.0,-5.813420572883976,4.355939185705641
605.0,3.2990040681099138,-2.1268946266633226
606.0,-2.7410051936631126,2.401745637662256
607.0,3.3750066359369546,-3.7787620985608936
608.0,4.4515482150677865,3.495299282213079
609.0,1.4295470118836084,-1.7770170377063883
610.0,2.8887448569896232,9.828772837909014
611.0,3.2986809734256965,-5.065223687834242
612.0,7.935270141203802,-1.7031646421607025
613.0,3.1958091190221363,-1.3872346846172745
614.0,-0.458130007758196,5.2025616181335534
615.0,3.4226816669850764,1.3139558904557371
616.0,-2.0595837526126877,-4.836505179156625
617.0,-0.7566085830025948,4.657082150409823
618.0,6.097830080740783,4.567878338525085
619.0,-5.9522995089770605,4.673867686913461
620.0,-3.8578443670673392,-0.059803891026050465
621.0,-5.36877571478854,-2.7440434831262883
622.0,-3.215985093838742,2.4479167680629508
623.0,-3.1177856811838778,2.557104630904682
624.0,-1.437242467505844,-1.8916247547139968
625.0,-1.676858797951538,-5.882453042642919
626.0,0.39379295897689814,-3.3546472886823033
627.0,1.5475671200185421,-2.6037727545301967
628.0,-6.001186826427292,4.773707971193495
629.0,1.0497925775371544,-1.5592854952782607
630.0,-0.38283148865925515,5.067016680488033
631.0,3.2185797797632505,-4.362381740584159
632.0,-3.8947381835308934,2.1198771048238108
633.0,-1.1591095850442414,0.34549250193231357
634.0,-2.124138872235288,-5.170657937151356
635.0,0.29031563753977885,-4.022944854218468
636.0,-2.87084718190091,5.9121661942320145
637.0,0.861474895287642,-2.959305383711917
638.0,-0.22095569517962865,5.418233637540063
639.0,-7.272028015255086,-3.272109595103968
640.0,-7.3224576819964,-3.124218570890239
641.0,-1.4958776337370912,-2.4103121863599064
642.0,3.005123893401557,-2.28205273511909
643.0,5.55270049277997,-0.7908858641435622
644.0,-4.044834306252033,-0.16926853296139568
645.0,0.6118340759444595,-3.779517931484364
646.0,2.798022208803608,9.861020311599317
647.0,-1.8692306272937782,-5.824848311799796
648.0,0.6179426781625018,-4.420706946858797
649.0,-3.197887125870656,2.253664445501096
650.0,5.16391617489282,-1.35187188531475
651.0,-2.3936096017384365,-5.869082600102356
652.0,0.8817709891317957,-1.5472367783844312
653.0,-2.7914387927908657,5.836708627751874
654.0,-1.2059576783817298,4.656082497485209
655.0,4.37532734523687,3.554997654579337
656.0,3.4497028788461104,-4.353226900601379
657.0,3.185581415812681,-1.1822418422549827
658.0,4.2198161547148345,4.606363351215959
659.0,-1.5721651582233918,-2.1689192681822917
660.0,-4.103501621770604,-0.07195467030227112
661.0,-1.5573218552329389,-2.3195093463897174
662.0,7.081854490332658,3.6607925162525166
663.0,-2.0100260031879915,-5.744173287605618
664.0,1.0892671872835795,-1.4046235920559256
665.0,3.370777506824621,1.316465108485137
666.0,-2.213895610581391,-5.7404148687615955
667.0,6.850052589621321,3.9561412105607103
668.0,-4.592542169086067,-0.45559252594158006
669.0,0.1510217868908613,2.5499094802379405
670.0,3.9190630213997557,5.093361902359621
671.0,3.289355544580153,-1.558305247129741
672.0,3.2822523055261446,-3.8489896251947004
673.0,-1.4601479930794492,0.468980465808059
674.0,0.9638960723283623,-1.7647104184404376
675.0,0.6462795070325897,-4.193778365679045
676.0,4.04485086594418,4.64052473218479
677.0,3.4548199292065416,-3.7659996694398448
678.0,6.773324526301735,4.400719508789249
679.0,-6.950782335760129,-3.2649823136009863
680.0,-5.833869489683203,-1.8552424022790819
681.0,0.11040537718456156,-2.9606906044308774
682.0,4.45462804413045,3.786510216038523
683.0,4.345565966086691,-1.8014471625499577
684.0,-7.3789562312987504,-3.0562466773910457
685.0,-2.300068659171068,3.3950708084129406
686.0,3.400097215665171,1.1802731533752349
687.0,-1.5316666136033357,-5.43239451631215
688.0,-1.4174449453711961,-2.3236539842714743
689.0,-1.229111264237772,0.3221091269092901
690.0,3.3806335010943984,1.5565495291761966
691.0,-1.9004564099858994,-2.185303410253481
692.0,-1.451953217474139,-5.09205630099933
693.0,-2.857197852779319,5.766711101130092
694.0,3.336973200293599,-4.953963883026571
695.0,0.46127861880296533,-4.184982210808421
696.0,-5.919396339406541,3.1763331135612294
697.0,-5.72855709438319,4.53800316554754
698.0,2.653654689173752,-1.7248355792908086
699.0,-6.234584259311359,-1.598201682977604
700.0,3.177941823179134,-1.6372276984155185
701.0,-3.0212041355127863,2.3838477105184004
702.0,0.3286739260719185,-4.082090713158454
703.0,-7.11507185295755,-2.7846786165255537
704.0,7.870270821900257,-1.8747328962477312
705.0,2.62670489749857,9.838135171710434
706.0,-2.4149135849534153,3.358376278488664
707.0,-4.519739454127546,-0.07128417678886317
708.0,2.961166810247213,-1.4218787354819615
709.0,2.8013114964700057,-1.334290170703185
710.0,0.2020990956224969,-4.67196928216685
711.0,3.6215283643165694,1.1927383057901337
712.0,2.5932706411625728,9.66720757046745
713.0,-5.550027040860725,4.488776563861568
714.0,5.332239465763397,-0.8965908988729103
715.0,3.5856182171443858,-4.888298327085539
716.0,-1.9068019772106677,-5.8532341926893245
717.0,-1.4205436656884465,0.5631641469600238
718.0,-5.63197274165918,4.511944872409659
719.0,-2.050887102681353,2.9468086391395154
720.0,-0.2765704055462123,5.182375353653704
721.0,-1.404653061465106,-5.11183873643402
722.0,-5.6818227915472175,4.679224030987304
723.0,2.6648829200921,9.67418846152273
724.0,6.993320958338479,4.102413279005736
725.0,-5.669449075552317,-2.6796137266062345
726.0,2.9272871559076687,-1.1087064941448634
727.0,-0.0066363472248109,2.485806126032217
728.0,4.900022541960355,-1.269462241034079
729.0,3.3330394821836458,-3.832765293826141
730.0,-0.009782292056142514,2.5932327831996
731.0,3.1221617845494087,-3.4772669522375024
732.0,-6.868732479133254,-2.7996221371376735
733.0,1.082843059152976,-3.4469611813245766
734.0,7.754214357853162,-1.6538863275870122
735.0,0.3374012394856574,-3.1649955541148707
736.0,-6.894843454663925,-2.9761993863981653
737.0,-5.774140103157162,-2.1023880121891447
738.0,-1.5953078925414608,-2.3802225204387226
739.0,0.4781068550810011,-3.0791527186302567
740.0,2.803120444290617,10.025465247309135
741.0,-7.267192443144893,-2.8703558605734862
742.0,-3.5100525377772716,2.19215547809378
743.0,4.221088198180584,3.7595752914072325
744.0,-5.60394075924001,2.598659794570509
745.0,-7.376089482644745,-3.3245926818993587
746.0,7.572663502455741,-1.5555544213305068
747.0,2.9011316261113542,-1.303850034430354
748.0,0.7508142621340753,-1.5224905731958032
749.0,7.6967497087722245,-2.2977299587863524
750.0,3.445666394319013,-3.7503999866218902
751.0,0.002796573876848676,2.613091615867935
752.0,0.3622007584914043,-3.1398102819960796
753.0,-0.8727723446082392,5.464922320287178
754.0,-7.3226923570753994,-3.065663427646867
755.0,-0.49151230458549483,5.015724760481217
756.0,-2.3542431347050967,3.4380120307541424
757.0,7.081750408510657,3.820054168549036
758.0,-1.5571797785342931,-2.1960281943679503
759.0,-1.7273482541835807,-1.9157417988215528
760.0,3.3772555093045664,-1.7629197812739847
761.0,-1.5787148959415667,-1.9866748424253524
762.0,2.6881707462510134,9.855671358553652
763.0,3.4684044600316115,1.21204330628101
764.0,-1.8634456044722427,-5.087737270465139
765.0,-2.068100489705841,-4.967870728442885
766.0,2.746598236411968,-1.1836984374884776
767.0,-1.4623118342032966,-2.1826639682432702
768.0,0.8773049285815678,-1.4953227915869938
769.0,3.647882604535196,-3.7658874054242237
770.0,-6.194387494279834,-1.6472633804379202
771.0,2.817890182247512,-0.7159309689785335
772.0,2.8902210819251417,-1.2100026080349218
773.0,0.013383631671970129,-3.3156101817214765
774.0,0.944362217069915,-3.1911298282147227
775.0,-2.4320661248556936,3.0560560336568963
776.0,-3.258551794394357,2.131206226464504
777.0,4.649167187172748,-1.1104856945442394
778.0,-4.699165838416133,0.03214429432938069
779.0,-3.1667280287857817,2.3729689320994902
780.0,-3.8915862991891554,0.21648958050462272
781.0,5.0072003938661,-1.1514867830928521
782.0,3.080606638928244,-1.7081192368312146
783.0,0.5331633107026784,-4.021860398521986
784.0,0.159950417139926,-3.411975917323937
785.0,-1.8808300336698514,-5.13649769468526
786.0,-7.503971864176012,-3.090215764121317
787.0,4.348148308370992,3.678091580578423
788.0,3.373756822077709,0.8766665004762084
789.0,-1.7403800161627911,-6.085862569322799
790.0,-3.202545704268465,2.2572395151906943
791.0,-4.552975946798656,0.07155104380346462
792.0,0.21298382591332382,-3.3365649360945375
793.0,-3.9272924196002457,0.16216814306447216
794.0,0.13141844096734787,-2.988069526721706
795.0,-5.787869861022153,-2.0814692567499726
796.0,-3.028351070168288,5.609368349791436
797.0,0.9318822953589506,-1.4536926463364297
798.0,4.398202119434878,3.805997362691291
799.0,3.767720797109532,1.2762745608132051
800.0,6.97801670600118,3.7455797458078983
801.0,4.853048193894728,-1.6120026180915297
802.0,1.0016087248130061,-1.5377175387290658
803.0,7.762227466565933,-1.5906819021326875
804.0,-1.1263686882858714,-1.8050798664432888
805.0,-3.121645133157361,2.4995547204349773
806.0,-0.751033733490759,5.030790027392154
807.0,4.548171650127879,3.9828887060194256
808.0,-3.185842437622592,5.71655599398048
809.0,-3.0403500518550475,5.5818582447927465
810.0,4.982708939048405,-1.4664550970261783
811.0,-2.0298710611259563,-6.307497006266075
812.0,0.9582842326380797,-1.1625450891638205
813.0,0.7245348736674045,-3.9335179230208697
814.0,-1.8156598402904907,-5.887691704116799
815.0,6.725672600807264,4.213805918234166
816.0,0.17719216352040926,-3.0685861417794684
817.0,4.1774941011946,3.722698275469652
818.0,5.226813463412182,-1.1013956147426596
819.0,-5.52691772427135,2.8511490940228397
820.0,-1.9965871897653436,-4.924908954541375
821.0,0.8226286626423799,-3.773426102159571
822.0,-1.9311108540609008,-5.022510370774501
823.0,3.2203957859004126,1.23333763953269
824.0,-3.5317680756382557,-0.40114003812851146
825.0,-2.109737375021775,-5.700671852601987
826.0,2.519900267836123,-0.7421444940705353
827.0,-5.754387811528364,3.456562592018176
828.0,2.6474192572944784,-1.207999164614108
829.0,-4.002435122128657,0.03420712550825819
830.0,-2.776927859461949,5.797992165809128
831.0,-4.030064234770591,0.3925196033985787
832.0,1.0128067785085246,-1.3872775573173275
833.0,2.9271273278752856,-1.8770123239597718
834.0,-5.752666696192823,2.9952295462767458
835.0,3.240294252731988,-3.5967480054268286
836.0,6.686444630792733,4.034423871026789
837.0,-7.23918360684714,-3.032734731146281
838.0,-2.9869332625897345,5.626851673509221
839.0,-4.183712769604563,-0.23063412719380716
840.0,4.9649499344406856,-1.0386959969403973
841.0,6.773471408916103,4.5270688951234215
842.0,0.09882588700811816,-2.912170235752885
843.0,-2.4592791568843753,3.32119014618257
844.0,4.855129645193301,-0.9120490134409713
845.0,2.8680120371702564,-1.0884435198662201
846.0,4.6918068761513645,-1.3462261627490093
847.0,-5.964334216190525,-2.111673368912082
848.0,3.5071397932709734,-3.5604914685554503
849.0,-2.9667670170633813,5.951509662782038
850.0,3.0291636979855947,-3.433759843551269
851.0,-1.401168619230333,-2.1614170407628523
852.0,-1.3742216893226085,-2.2434099700706818
853.0,3.3179151799406346,1.498905658981416
854.0,6.871595416741861,3.7562289617355065
855.0,-1.8520082675055471,-5.164713437926308
856.0,-1.7284986037818917,-5.936460757408178
857.0,-7.017364873653969,-3.0314497002008545
858.0,0.8891433212170705,-1.3501808318057011
859.0,-1.476562420184229,-1.982058136323576
860.0,0.28752294824060964,-2.9888012797417463
861.0,-3.7672782250135253,2.055174009058336
862.0,4.839904336641901,-1.2278446414726842
863.0,-0.4408508762422818,5.058053875992779
864.0,-3.12671320992608,5.72090261182289
865.0,4.9161408949922345,-1.1725691770428541
866.0,4.501486615189961,3.229355908409401
867.0,-3.017729940749816,5.887587540696203
868.0,-5.64670067591273,3.130768536130326
869.0,-2.405633148711873,3.4277255135012337
870.0,0.6073023199208675,-2.8888080011167085
871.0,-2.880106431112271,2.538787933955199
872.0,-3.2839690272920676,2.257283566749166
873.0,-1.8499046388400044,-4.804628121616707
874.0,0.5152222079863505,-3.0254972341436406
875.0,-2.511828266085728,2.8425053689646607
876.0,-3.7841078781890314,1.9243460538509627
877.0,-1.857332260093579,-4.997847612245913
878.0,-2.4675939025156737,3.4022854201213844
879.0,4.693028267607313,-1.2797927856732894
880.0,-1.7644160917979614,-5.012173879628218
881.0,4.4340032130844875,3.730699381482572
882.0,-7.110011583191218,-3.2185689922219747
883.0,0.8075999401952028,-2.9098024908910114
884.0,-2.7625979329684487,2.4266216077378884
885.0,4.434003213084488,3.7306993814825717
886.0,-2.976866127710477,5.766701371741493
887.0,-0.5249602133446217,5.211270973751634
888.0,-3.197247926033722,5.736147011229164
889.0,-3.1888626956611152,2.2830599138567624
890.0,-4.17591361218961,-0.14781101854800713
891.0,-1.4059946219987394,-2.1998715945169547
892.0,0.38033984317658215,-2.987396417311325
893.0,4.750729096932821,-0.7983897922921329
894.0,3.19033415159652,0.9964528903030033
895.0,-1.7840111634624762,-5.017874976825314
896.0,0.41356670882071117,-4.0042351603337
897.0,1.1485429251271269,-1.2267208108675052
898.0,0.1334753133514137,-3.8835309578995307
899.0,6.66622861953171,3.6163216490225283
900.0,-3.3717980869522575,2.1855727549002353
901.0,3.3724923936216054,1.3244911706659843
902.0,3.414844996354513,1.3510052524329128
903.0,-1.5616694527745079,-1.9273264756253756
904.0,-1.632519928607529,-1.9344585595525636
905.0,-3.169235950093102,2.3446649543205096
906.0,-5.580528457246298,2.9848760530884455
907.0,0.9284217698009091,-1.497702179667111
908.0,-1.8919345946286343,-5.762946708887018
909.0,-3.3273983595089818,2.4452388124686957
910.0,0.7408805231504656,-4.083552686904395
911.0,-2.0950233307184445,3.6230320190428693
912.0,-3.357496608530873,5.655504470025198
913.0,0.3978762102774666,-3.8972955690120528
914.0,-2.483595683180435,3.084661201282472
915.0,0.4972273031426281,-2.555327205358952
916.0,-5.715998228591342,3.1264873832874085
917.0,0.23568998691272083,-2.7105308722282224
918.0,-3.3946641468600536,2.1031561647241097
919.0,0.8429836583382643,-1.2690933162608016
920.0,-2.2464696698696858,3.3121626806149274
921.0,0.04678657899323922,-2.84749898771763
922.0,-1.3634617237320106,-1.9875440951544794
923.0,0.2901602004321646,-3.0502434286868474
924.0,-5.5866861410315405,3.116170430493295
925.0,-3.147506682104128,2.351159453065955
926.0,0.5292132781841636,-2.8827500379760074
927.0,-3.291355474265347,2.176360965888387
928.0,-1.395629022969041,-2.09830985726709
929.0,-5.740798926665597,3.2161447260911613
930.0,3.41937476380464,1.259056240016475
931.0,0.27563963081877363,-2.879777968255471
932.0,3.546738142320341,1.2612744152355748
933.0,-3.071637278984829,2.3490787245512945
934.0,0.8770657560123599,-2.5889011770799737
935.0,3.4016333400179604,1.2671352751258578
936.0,-1.845352831269462,-6.083647213986384
937.0,-2.0689107345203963,-6.051912702233402
938.0,3.45321039797832,1.2226758062079084
939.0,-5.687135331651871,3.2197360604143013
940.0,0.36958030102620054,-4.070189992406815
941.0,-5.642820786651163,3.128367189125716
942.0,-2.2088240418021066,3.465641677020768
943.0,3.487758102651513,1.1786304916405472
944.0,-5.486920902863561,3.268679140486497
945.0,-1.988934015664427,-5.8653985405667495
946.0,0.27252280367289544,-3.0582079574548704
947.0,3.426428032435103,1.1643239312343878
948.0,-1.9237002510838352,-6.008588540771444
949.0,-2.389541112464289,3.380388340610104
950.0,-5.441375734333211,3.319900227836387
951.0,3.6493063370994805,1.418432773026881
952.0,0.6486625516215825,-1.3121820672998012
953.0,0.91408529088665,-1.3188762027950849
954.0,-1.8047881587365513,-6.013578819642466
955.0,0.47296115752839496,-4.0673572439462005
956.0,0.8545318942126884,-1.3293967501468769
957.0,3.266462552407062,1.182219047902257
958.0,-5.692770431060241,3.1885694796549595
959.0,-3.1128342709315944,2.4839955665012745
960.0,-5.645625510624183,3.1652066786241106
961.0,0.3801831865879747,-4.042137122755232
962.0,-2.16144736617406,3.322595642370625
963.0,0.5689352261233995,-3.509931872150252
964.0,0.4059342524803647,-3.9262656855834654
965.0,-2.3417531988232763,3.257445773663422
966.0,-2.361483789025667,3.4683173464195467
967.0,-2.407480881219239,3.4840714055498836
968.0,0.22496349528466214,-2.9459285723045494
969.0,0.33149884058545714,-3.7262328751918847
970.0,0.8679737320372897,-1.3296942053586334
971.0,0.6335701244770698,-4.012171184924295
972.0,0.9003168428413956,-1.3158218876964438
973.0,-2.3887300035990218,3.3147862689811434
974.0,0.266890807174424,-3.8727959626622037
975.0,0.8821513135388472,-1.2818893190141691
976.0,-2.3953959851548547,3.4363310368770037
977.0,-1.2761490873493777,-2.1850739322685575
978.0,-1.4710035821524752,-2.071708349381373
979.0,-1.4095979138836074,-2.0423352082972746
980.0,3.9042837842383142,1.3195096997633255
981.0,-1.3618954730049764,-2.0745880081465513
982.0,-1.430789288290319,-2.097158902058465
983.0,-3.3479575415476255,2.2626217007693157
984.0,0.46642148602031414,-3.8429753060560428
985.0,3.448212085573136,1.2666264976015957
986.0,-2.2020643177516614,3.334029237609899
987.0,-1.9009606183776129,-6.043410427361345
988.0,0.8700107545178866,-1.3616977860058799
989.0,0.387776342816144,-3.8545126319841176
990.0,-1.4316345220749236,-2.08996329631143
991.0,-2.4094294524374407,3.4697666321190446
992.0,0.3567135536474546,-2.9804084474137174
993.0,0.34206515312237434,-2.93747608658367
994.0,0.9081888838435773,-1.3269787989645934
995.0,0.44861411412398494,-4.11653976595392
996.0,0.8418043412960603,-1.4493561251201277
997.0,3.473503017168481,1.2542664285243241
998.0,-3.1541405777107534,2.3395671088499017
999.0,0.8164214334551209,-1.1810959335079523
1000.0,0.46684935995357973,-4.0624192251468445
