0,1
1.0,4.0
1.0,8.0
1.0,2.0
2.0,8.0
2.0,4.0
3.0,8.0
3.0,5.0
4.0,8.0
4.0,47.0
4.0,26.0
5.0,8.0
6.0,8.0
6.0,13.0
6.0,7.0
7.0,13.0
7.0,8.0
8.0,118.0
8.0,248.0
8.0,201.0
8.0,112.0
8.0,313.0
8.0,67.0
8.0,47.0
8.0,144.0
8.0,65.0
8.0,26.0
8.0,13.0
8.0,23.0
8.0,36.0
8.0,16.0
8.0,35.0
8.0,28.0
8.0,30.0
8.0,27.0
8.0,24.0
8.0,38.0
8.0,37.0
8.0,34.0
9.0,13.0
9.0,10.0
9.0,12.0
9.0,11.0
10.0,13.0
10.0,12.0
10.0,11.0
11.0,13.0
12.0,13.0
13.0,21.0
13.0,18.0
13.0,17.0
13.0,20.0
13.0,19.0
13.0,14.0
13.0,15.0
16.0,22.0
17.0,19.0
17.0,20.0
19.0,20.0
22.0,26.0
23.0,24.0
25.0,26.0
26.0,47.0
26.0,33.0
26.0,29.0
26.0,31.0
28.0,35.0
29.0,33.0
29.0,47.0
29.0,31.0
30.0,34.0
31.0,32.0
32.0,33.0
33.0,47.0
35.0,36.0
36.0,38.0
37.0,38.0
39.0,47.0
39.0,65.0
39.0,142.0
40.0,62.0
40.0,144.0
40.0,45.0
40.0,50.0
40.0,46.0
40.0,55.0
40.0,61.0
41.0,166.0
41.0,53.0
41.0,67.0
42.0,47.0
43.0,67.0
44.0,67.0
45.0,166.0
45.0,118.0
45.0,201.0
45.0,67.0
45.0,47.0
45.0,144.0
45.0,65.0
45.0,50.0
45.0,46.0
45.0,55.0
45.0,58.0
45.0,54.0
45.0,83.0
45.0,62.0
45.0,59.0
45.0,63.0
45.0,142.0
45.0,61.0
46.0,62.0
46.0,63.0
46.0,67.0
46.0,144.0
46.0,50.0
46.0,55.0
47.0,118.0
47.0,261.0
47.0,255.0
47.0,248.0
47.0,150.0
47.0,166.0
47.0,311.0
47.0,109.0
47.0,147.0
47.0,258.0
47.0,112.0
47.0,313.0
47.0,67.0
47.0,219.0
47.0,152.0
47.0,293.0
47.0,201.0
47.0,182.0
47.0,144.0
47.0,203.0
47.0,253.0
47.0,183.0
47.0,56.0
47.0,74.0
47.0,86.0
47.0,230.0
47.0,263.0
47.0,177.0
47.0,176.0
47.0,232.0
47.0,131.0
47.0,123.0
47.0,172.0
47.0,65.0
47.0,197.0
47.0,246.0
47.0,316.0
47.0,94.0
47.0,245.0
47.0,169.0
47.0,83.0
47.0,75.0
47.0,59.0
47.0,142.0
47.0,58.0
47.0,54.0
47.0,48.0
47.0,60.0
47.0,49.0
48.0,65.0
48.0,49.0
49.0,60.0
49.0,56.0
50.0,166.0
50.0,62.0
50.0,67.0
50.0,144.0
50.0,63.0
50.0,55.0
50.0,61.0
51.0,166.0
51.0,118.0
51.0,67.0
51.0,82.0
52.0,67.0
53.0,166.0
53.0,67.0
53.0,144.0
53.0,82.0
54.0,65.0
54.0,83.0
54.0,59.0
54.0,58.0
54.0,60.0
55.0,62.0
55.0,63.0
55.0,144.0
55.0,61.0
56.0,65.0
56.0,59.0
56.0,58.0
56.0,60.0
57.0,71.0
57.0,69.0
57.0,118.0
57.0,70.0
58.0,83.0
58.0,65.0
58.0,59.0
58.0,60.0
59.0,65.0
59.0,83.0
59.0,144.0
59.0,60.0
59.0,64.0
60.0,65.0
60.0,64.0
61.0,62.0
61.0,63.0
62.0,166.0
62.0,67.0
62.0,144.0
62.0,63.0
63.0,166.0
63.0,67.0
63.0,144.0
64.0,65.0
65.0,118.0
65.0,261.0
65.0,255.0
65.0,248.0
65.0,166.0
65.0,112.0
65.0,67.0
65.0,219.0
65.0,293.0
65.0,176.0
65.0,201.0
65.0,258.0
65.0,144.0
65.0,263.0
65.0,203.0
65.0,253.0
65.0,183.0
65.0,169.0
65.0,74.0
65.0,66.0
65.0,197.0
65.0,246.0
65.0,245.0
65.0,83.0
65.0,75.0
65.0,108.0
65.0,142.0
65.0,151.0
65.0,116.0
65.0,87.0
66.0,151.0
66.0,116.0
66.0,87.0
67.0,261.0
67.0,255.0
67.0,248.0
67.0,150.0
67.0,166.0
67.0,311.0
67.0,146.0
67.0,109.0
67.0,147.0
67.0,112.0
67.0,313.0
67.0,118.0
67.0,201.0
67.0,258.0
67.0,182.0
67.0,152.0
67.0,162.0
67.0,144.0
67.0,263.0
67.0,301.0
67.0,292.0
67.0,203.0
67.0,197.0
67.0,246.0
67.0,253.0
67.0,183.0
67.0,307.0
67.0,274.0
67.0,189.0
67.0,133.0
67.0,76.0
67.0,78.0
67.0,219.0
67.0,299.0
67.0,293.0
67.0,230.0
67.0,179.0
67.0,174.0
67.0,177.0
67.0,176.0
67.0,310.0
67.0,232.0
67.0,131.0
67.0,296.0
67.0,123.0
67.0,217.0
67.0,172.0
67.0,167.0
67.0,233.0
67.0,119.0
67.0,94.0
67.0,161.0
67.0,159.0
67.0,95.0
67.0,128.0
67.0,99.0
67.0,90.0
67.0,120.0
67.0,136.0
67.0,71.0
67.0,111.0
67.0,82.0
67.0,79.0
67.0,153.0
68.0,118.0
68.0,109.0
68.0,147.0
68.0,125.0
68.0,80.0
68.0,96.0
69.0,73.0
69.0,118.0
69.0,71.0
70.0,118.0
70.0,112.0
71.0,112.0
71.0,118.0
71.0,90.0
71.0,77.0
71.0,111.0
71.0,73.0
72.0,118.0
72.0,146.0
72.0,147.0
72.0,152.0
72.0,162.0
72.0,177.0
72.0,96.0
73.0,90.0
73.0,118.0
73.0,94.0
73.0,77.0
74.0,75.0
74.0,201.0
74.0,116.0
75.0,166.0
75.0,201.0
75.0,108.0
75.0,151.0
75.0,116.0
75.0,87.0
76.0,118.0
76.0,82.0
76.0,144.0
76.0,142.0
76.0,98.0
77.0,118.0
77.0,94.0
78.0,118.0
78.0,79.0
79.0,118.0
80.0,118.0
80.0,146.0
80.0,109.0
80.0,147.0
80.0,152.0
80.0,162.0
80.0,177.0
80.0,176.0
80.0,101.0
81.0,261.0
81.0,166.0
81.0,118.0
81.0,144.0
81.0,85.0
82.0,166.0
82.0,140.0
82.0,118.0
82.0,182.0
82.0,144.0
82.0,130.0
82.0,106.0
83.0,118.0
83.0,248.0
83.0,201.0
83.0,166.0
83.0,144.0
83.0,85.0
83.0,86.0
83.0,104.0
83.0,97.0
84.0,112.0
84.0,118.0
85.0,261.0
85.0,144.0
85.0,97.0
86.0,144.0
88.0,118.0
89.0,174.0
90.0,166.0
90.0,112.0
90.0,94.0
90.0,118.0
90.0,182.0
90.0,152.0
91.0,118.0
91.0,255.0
91.0,150.0
91.0,146.0
91.0,109.0
91.0,147.0
91.0,112.0
91.0,152.0
91.0,162.0
91.0,230.0
91.0,179.0
91.0,174.0
91.0,177.0
91.0,221.0
91.0,176.0
91.0,119.0
91.0,95.0
91.0,92.0
92.0,118.0
92.0,255.0
92.0,150.0
92.0,146.0
92.0,109.0
92.0,147.0
92.0,112.0
92.0,182.0
92.0,299.0
92.0,152.0
92.0,162.0
92.0,230.0
92.0,179.0
92.0,174.0
92.0,221.0
92.0,176.0
92.0,119.0
92.0,95.0
92.0,143.0
93.0,161.0
93.0,118.0
93.0,152.0
93.0,100.0
94.0,261.0
94.0,255.0
94.0,248.0
94.0,166.0
94.0,311.0
94.0,146.0
94.0,109.0
94.0,147.0
94.0,112.0
94.0,219.0
94.0,299.0
94.0,230.0
94.0,179.0
94.0,176.0
94.0,310.0
94.0,232.0
94.0,131.0
94.0,217.0
94.0,172.0
94.0,118.0
94.0,201.0
94.0,258.0
94.0,182.0
94.0,152.0
94.0,162.0
94.0,263.0
94.0,301.0
94.0,159.0
94.0,99.0
95.0,255.0
95.0,109.0
95.0,119.0
95.0,118.0
95.0,150.0
95.0,146.0
95.0,147.0
95.0,112.0
95.0,299.0
95.0,152.0
95.0,162.0
95.0,230.0
95.0,179.0
95.0,174.0
95.0,177.0
95.0,221.0
95.0,176.0
95.0,131.0
95.0,101.0
96.0,147.0
96.0,177.0
96.0,118.0
96.0,152.0
96.0,162.0
97.0,104.0
98.0,144.0
99.0,147.0
99.0,112.0
99.0,176.0
99.0,161.0
99.0,118.0
99.0,152.0
99.0,167.0
100.0,112.0
100.0,161.0
100.0,118.0
100.0,152.0
100.0,137.0
100.0,111.0
101.0,118.0
101.0,255.0
101.0,146.0
101.0,112.0
101.0,152.0
101.0,162.0
101.0,230.0
101.0,179.0
101.0,174.0
101.0,221.0
101.0,176.0
101.0,129.0
102.0,118.0
102.0,182.0
102.0,120.0
102.0,107.0
103.0,115.0
103.0,152.0
104.0,144.0
105.0,182.0
105.0,123.0
105.0,167.0
106.0,166.0
106.0,182.0
106.0,120.0
106.0,140.0
106.0,118.0
107.0,118.0
108.0,201.0
108.0,116.0
109.0,255.0
109.0,118.0
109.0,261.0
109.0,248.0
109.0,201.0
109.0,150.0
109.0,166.0
109.0,311.0
109.0,146.0
109.0,147.0
109.0,258.0
109.0,112.0
109.0,182.0
109.0,219.0
109.0,299.0
109.0,152.0
109.0,293.0
109.0,162.0
109.0,230.0
109.0,179.0
109.0,144.0
109.0,301.0
109.0,174.0
109.0,177.0
109.0,221.0
109.0,176.0
109.0,310.0
109.0,232.0
109.0,131.0
109.0,321.0
109.0,203.0
109.0,167.0
109.0,306.0
109.0,161.0
109.0,159.0
109.0,307.0
109.0,212.0
109.0,202.0
109.0,273.0
109.0,217.0
109.0,119.0
109.0,170.0
110.0,152.0
110.0,162.0
111.0,118.0
111.0,112.0
111.0,152.0
111.0,161.0
112.0,261.0
112.0,255.0
112.0,166.0
112.0,118.0
112.0,248.0
112.0,201.0
112.0,150.0
112.0,311.0
112.0,146.0
112.0,147.0
112.0,258.0
112.0,182.0
112.0,219.0
112.0,299.0
112.0,152.0
112.0,293.0
112.0,162.0
112.0,144.0
112.0,263.0
112.0,301.0
112.0,177.0
112.0,221.0
112.0,310.0
112.0,232.0
112.0,296.0
112.0,123.0
112.0,172.0
112.0,292.0
112.0,203.0
112.0,167.0
112.0,306.0
112.0,253.0
112.0,307.0
112.0,212.0
112.0,125.0
112.0,189.0
112.0,305.0
112.0,202.0
112.0,157.0
112.0,126.0
112.0,136.0
112.0,137.0
112.0,230.0
112.0,179.0
112.0,174.0
112.0,176.0
112.0,131.0
112.0,217.0
112.0,119.0
112.0,161.0
112.0,159.0
112.0,149.0
112.0,170.0
113.0,152.0
113.0,174.0
114.0,118.0
115.0,152.0
116.0,151.0
117.0,152.0
118.0,201.0
118.0,258.0
118.0,182.0
118.0,152.0
118.0,162.0
118.0,144.0
118.0,263.0
118.0,301.0
118.0,221.0
118.0,321.0
118.0,203.0
118.0,306.0
118.0,297.0
118.0,253.0
118.0,183.0
118.0,307.0
118.0,169.0
118.0,216.0
118.0,212.0
118.0,274.0
118.0,125.0
118.0,189.0
118.0,305.0
118.0,202.0
118.0,222.0
118.0,273.0
118.0,250.0
118.0,126.0
118.0,204.0
118.0,127.0
118.0,186.0
118.0,148.0
118.0,129.0
118.0,163.0
118.0,261.0
118.0,255.0
118.0,248.0
118.0,150.0
118.0,166.0
118.0,311.0
118.0,146.0
118.0,147.0
118.0,313.0
118.0,219.0
118.0,299.0
118.0,293.0
118.0,230.0
118.0,179.0
118.0,174.0
118.0,177.0
118.0,176.0
118.0,310.0
118.0,232.0
118.0,131.0
118.0,296.0
118.0,217.0
118.0,172.0
118.0,292.0
118.0,167.0
118.0,197.0
118.0,246.0
118.0,233.0
118.0,119.0
118.0,288.0
118.0,161.0
118.0,159.0
118.0,276.0
118.0,225.0
118.0,284.0
118.0,256.0
118.0,133.0
118.0,218.0
118.0,128.0
118.0,260.0
118.0,157.0
118.0,181.0
118.0,198.0
118.0,143.0
118.0,249.0
118.0,240.0
118.0,229.0
118.0,149.0
118.0,120.0
118.0,192.0
118.0,136.0
118.0,139.0
118.0,137.0
118.0,130.0
118.0,140.0
118.0,191.0
118.0,173.0
118.0,158.0
118.0,154.0
118.0,153.0
118.0,164.0
118.0,134.0
118.0,155.0
118.0,145.0
118.0,168.0
119.0,255.0
119.0,146.0
119.0,261.0
119.0,150.0
119.0,311.0
119.0,147.0
119.0,182.0
119.0,299.0
119.0,152.0
119.0,162.0
119.0,230.0
119.0,179.0
119.0,301.0
119.0,174.0
119.0,177.0
119.0,221.0
119.0,176.0
119.0,310.0
119.0,131.0
119.0,321.0
119.0,217.0
119.0,306.0
120.0,166.0
120.0,258.0
120.0,182.0
120.0,130.0
121.0,142.0
122.0,163.0
123.0,261.0
123.0,255.0
123.0,166.0
123.0,146.0
123.0,147.0
123.0,219.0
123.0,299.0
123.0,179.0
123.0,310.0
123.0,131.0
123.0,296.0
123.0,182.0
123.0,152.0
123.0,301.0
123.0,307.0
123.0,273.0
123.0,163.0
123.0,302.0
123.0,217.0
123.0,172.0
123.0,167.0
123.0,159.0
124.0,138.0
124.0,201.0
125.0,255.0
125.0,147.0
125.0,299.0
125.0,152.0
125.0,162.0
125.0,230.0
125.0,179.0
125.0,174.0
125.0,177.0
125.0,131.0
125.0,221.0
125.0,170.0
126.0,152.0
126.0,176.0
126.0,217.0
126.0,161.0
126.0,182.0
126.0,137.0
127.0,255.0
127.0,152.0
127.0,137.0
128.0,261.0
128.0,166.0
128.0,258.0
128.0,182.0
128.0,152.0
128.0,133.0
128.0,142.0
129.0,255.0
129.0,152.0
129.0,221.0
130.0,166.0
130.0,258.0
130.0,182.0
130.0,148.0
130.0,145.0
130.0,160.0
131.0,255.0
131.0,174.0
131.0,261.0
131.0,248.0
131.0,201.0
131.0,150.0
131.0,166.0
131.0,311.0
131.0,146.0
131.0,147.0
131.0,258.0
131.0,182.0
131.0,219.0
131.0,299.0
131.0,152.0
131.0,293.0
131.0,162.0
131.0,230.0
131.0,179.0
131.0,301.0
131.0,177.0
131.0,221.0
131.0,176.0
131.0,310.0
131.0,172.0
131.0,292.0
131.0,167.0
131.0,306.0
131.0,307.0
131.0,189.0
131.0,305.0
131.0,153.0
131.0,217.0
131.0,212.0
131.0,170.0
132.0,255.0
132.0,152.0
132.0,230.0
132.0,174.0
133.0,261.0
133.0,255.0
133.0,166.0
133.0,219.0
133.0,293.0
133.0,232.0
133.0,172.0
133.0,258.0
133.0,182.0
133.0,152.0
133.0,144.0
133.0,140.0
134.0,136.0
135.0,139.0
136.0,152.0
137.0,255.0
137.0,176.0
137.0,161.0
137.0,139.0
137.0,152.0
138.0,201.0
138.0,183.0
139.0,162.0
139.0,230.0
139.0,177.0
139.0,167.0
139.0,161.0
140.0,166.0
140.0,182.0
141.0,177.0
141.0,157.0
142.0,261.0
142.0,166.0
142.0,293.0
142.0,172.0
142.0,233.0
142.0,225.0
142.0,216.0
142.0,198.0
142.0,229.0
142.0,144.0
143.0,147.0
143.0,230.0
143.0,174.0
143.0,310.0
143.0,311.0
143.0,299.0
143.0,152.0
143.0,162.0
143.0,221.0
143.0,306.0
143.0,170.0
144.0,261.0
144.0,255.0
144.0,248.0
144.0,201.0
144.0,150.0
144.0,166.0
144.0,258.0
144.0,219.0
144.0,299.0
144.0,293.0
144.0,162.0
144.0,182.0
144.0,253.0
144.0,183.0
144.0,216.0
144.0,274.0
144.0,263.0
144.0,177.0
144.0,176.0
144.0,172.0
144.0,292.0
144.0,203.0
144.0,197.0
144.0,297.0
144.0,246.0
144.0,233.0
144.0,245.0
144.0,225.0
144.0,169.0
144.0,181.0
144.0,213.0
144.0,250.0
144.0,168.0
145.0,182.0
145.0,148.0
146.0,261.0
146.0,255.0
146.0,150.0
146.0,166.0
146.0,311.0
146.0,182.0
146.0,299.0
146.0,152.0
146.0,301.0
146.0,221.0
146.0,232.0
146.0,172.0
146.0,292.0
146.0,306.0
146.0,307.0
146.0,212.0
146.0,189.0
146.0,202.0
146.0,168.0
146.0,147.0
146.0,293.0
146.0,230.0
146.0,179.0
146.0,174.0
146.0,177.0
146.0,176.0
146.0,310.0
146.0,217.0
146.0,167.0
146.0,161.0
146.0,159.0
146.0,284.0
146.0,305.0
146.0,218.0
146.0,260.0
146.0,237.0
147.0,261.0
147.0,255.0
147.0,166.0
147.0,248.0
147.0,201.0
147.0,150.0
147.0,311.0
147.0,258.0
147.0,182.0
147.0,219.0
147.0,299.0
147.0,152.0
147.0,293.0
147.0,301.0
147.0,177.0
147.0,221.0
147.0,310.0
147.0,232.0
147.0,321.0
147.0,172.0
147.0,292.0
147.0,167.0
147.0,306.0
147.0,307.0
147.0,284.0
147.0,212.0
147.0,305.0
147.0,202.0
147.0,218.0
147.0,322.0
147.0,273.0
147.0,300.0
147.0,153.0
147.0,324.0
147.0,162.0
147.0,230.0
147.0,179.0
147.0,174.0
147.0,176.0
147.0,217.0
147.0,161.0
147.0,159.0
147.0,260.0
147.0,249.0
147.0,298.0
147.0,325.0
147.0,320.0
148.0,166.0
148.0,182.0
148.0,158.0
149.0,255.0
149.0,152.0
149.0,230.0
149.0,221.0
149.0,157.0
150.0,261.0
150.0,255.0
150.0,248.0
150.0,201.0
150.0,311.0
150.0,258.0
150.0,182.0
150.0,219.0
150.0,299.0
150.0,152.0
150.0,162.0
150.0,263.0
150.0,301.0
150.0,221.0
150.0,321.0
150.0,292.0
150.0,306.0
150.0,212.0
150.0,202.0
150.0,322.0
150.0,324.0
150.0,166.0
150.0,230.0
150.0,179.0
150.0,174.0
150.0,177.0
150.0,176.0
150.0,310.0
150.0,296.0
150.0,167.0
150.0,159.0
150.0,325.0
150.0,320.0
151.0,201.0
152.0,261.0
152.0,255.0
152.0,248.0
152.0,166.0
152.0,311.0
152.0,258.0
152.0,219.0
152.0,299.0
152.0,201.0
152.0,182.0
152.0,263.0
152.0,301.0
152.0,221.0
152.0,297.0
152.0,183.0
152.0,307.0
152.0,189.0
152.0,305.0
152.0,202.0
152.0,222.0
152.0,215.0
152.0,156.0
152.0,293.0
152.0,162.0
152.0,230.0
152.0,179.0
152.0,174.0
152.0,177.0
152.0,176.0
152.0,310.0
152.0,232.0
152.0,217.0
152.0,172.0
152.0,292.0
152.0,167.0
152.0,306.0
152.0,233.0
152.0,288.0
152.0,161.0
152.0,159.0
152.0,284.0
152.0,212.0
152.0,256.0
152.0,218.0
152.0,157.0
152.0,198.0
152.0,192.0
152.0,170.0
152.0,252.0
152.0,186.0
152.0,191.0
152.0,158.0
152.0,210.0
152.0,187.0
153.0,261.0
153.0,166.0
153.0,248.0
153.0,293.0
153.0,203.0
154.0,182.0
154.0,164.0
154.0,171.0
155.0,171.0
157.0,255.0
157.0,230.0
157.0,177.0
157.0,221.0
158.0,182.0
158.0,161.0
158.0,171.0
159.0,255.0
159.0,230.0
159.0,174.0
159.0,217.0
159.0,261.0
159.0,248.0
159.0,166.0
159.0,258.0
159.0,182.0
159.0,219.0
159.0,299.0
159.0,293.0
159.0,162.0
159.0,179.0
159.0,301.0
159.0,176.0
159.0,167.0
159.0,161.0
160.0,182.0
161.0,255.0
161.0,230.0
161.0,174.0
161.0,261.0
161.0,248.0
161.0,182.0
161.0,299.0
161.0,162.0
161.0,179.0
161.0,301.0
161.0,167.0
161.0,189.0
161.0,191.0
162.0,261.0
162.0,255.0
162.0,248.0
162.0,166.0
162.0,311.0
162.0,219.0
162.0,299.0
162.0,293.0
162.0,201.0
162.0,258.0
162.0,182.0
162.0,301.0
162.0,221.0
162.0,321.0
162.0,307.0
162.0,305.0
162.0,202.0
162.0,273.0
162.0,230.0
162.0,179.0
162.0,174.0
162.0,177.0
162.0,176.0
162.0,310.0
162.0,232.0
162.0,217.0
162.0,172.0
162.0,292.0
162.0,167.0
162.0,306.0
162.0,288.0
162.0,284.0
162.0,212.0
162.0,218.0
162.0,237.0
162.0,249.0
162.0,252.0
162.0,243.0
163.0,182.0
164.0,182.0
165.0,201.0
166.0,255.0
166.0,261.0
166.0,248.0
166.0,201.0
166.0,311.0
166.0,258.0
166.0,313.0
166.0,182.0
166.0,219.0
166.0,299.0
166.0,293.0
166.0,263.0
166.0,301.0
166.0,177.0
166.0,232.0
166.0,296.0
166.0,172.0
166.0,292.0
166.0,203.0
166.0,167.0
166.0,197.0
166.0,297.0
166.0,246.0
166.0,253.0
166.0,183.0
166.0,276.0
166.0,225.0
166.0,169.0
166.0,216.0
166.0,274.0
166.0,251.0
166.0,198.0
166.0,213.0
166.0,250.0
166.0,242.0
166.0,206.0
166.0,175.0
166.0,184.0
166.0,168.0
166.0,230.0
166.0,174.0
166.0,176.0
166.0,217.0
166.0,233.0
166.0,288.0
166.0,245.0
166.0,181.0
166.0,173.0
167.0,261.0
167.0,255.0
167.0,293.0
167.0,230.0
167.0,179.0
167.0,174.0
167.0,176.0
167.0,310.0
167.0,217.0
167.0,248.0
167.0,201.0
167.0,311.0
167.0,258.0
167.0,182.0
167.0,219.0
167.0,299.0
167.0,301.0
167.0,232.0
167.0,172.0
167.0,292.0
167.0,307.0
167.0,189.0
167.0,302.0
167.0,191.0
168.0,261.0
168.0,248.0
168.0,258.0
169.0,261.0
169.0,248.0
169.0,258.0
169.0,219.0
169.0,197.0
169.0,246.0
169.0,201.0
169.0,263.0
169.0,203.0
169.0,183.0
169.0,213.0
172.0,261.0
172.0,255.0
172.0,248.0
172.0,219.0
172.0,293.0
172.0,230.0
172.0,179.0
172.0,174.0
172.0,176.0
172.0,217.0
172.0,201.0
172.0,258.0
172.0,182.0
172.0,299.0
172.0,263.0
172.0,232.0
172.0,225.0
172.0,216.0
172.0,198.0
173.0,261.0
173.0,248.0
174.0,255.0
174.0,261.0
174.0,248.0
174.0,201.0
174.0,311.0
174.0,258.0
174.0,182.0
174.0,219.0
174.0,299.0
174.0,293.0
174.0,230.0
174.0,301.0
174.0,221.0
174.0,176.0
174.0,310.0
174.0,321.0
174.0,292.0
174.0,306.0
174.0,307.0
174.0,284.0
174.0,212.0
174.0,305.0
174.0,202.0
174.0,218.0
174.0,273.0
174.0,204.0
174.0,177.0
174.0,217.0
176.0,255.0
176.0,230.0
176.0,261.0
176.0,248.0
176.0,201.0
176.0,311.0
176.0,258.0
176.0,182.0
176.0,219.0
176.0,299.0
176.0,179.0
176.0,263.0
176.0,301.0
176.0,221.0
176.0,310.0
176.0,232.0
176.0,296.0
176.0,292.0
176.0,306.0
176.0,307.0
176.0,284.0
176.0,212.0
176.0,189.0
176.0,305.0
176.0,239.0
176.0,202.0
176.0,218.0
176.0,222.0
176.0,271.0
176.0,192.0
176.0,217.0
176.0,233.0
176.0,256.0
177.0,261.0
177.0,255.0
177.0,230.0
177.0,248.0
177.0,201.0
177.0,311.0
177.0,258.0
177.0,182.0
177.0,299.0
177.0,293.0
177.0,179.0
177.0,263.0
177.0,301.0
177.0,321.0
177.0,292.0
177.0,212.0
177.0,202.0
177.0,273.0
177.0,204.0
177.0,310.0
177.0,218.0
177.0,260.0
177.0,240.0
177.0,190.0
178.0,201.0
179.0,255.0
179.0,230.0
179.0,261.0
179.0,311.0
179.0,182.0
179.0,299.0
179.0,293.0
179.0,301.0
179.0,221.0
179.0,310.0
179.0,232.0
179.0,292.0
179.0,306.0
179.0,307.0
179.0,189.0
179.0,218.0
179.0,217.0
179.0,260.0
180.0,182.0
181.0,261.0
181.0,258.0
181.0,182.0
181.0,219.0
181.0,188.0
182.0,261.0
182.0,255.0
182.0,248.0
182.0,201.0
182.0,311.0
182.0,258.0
182.0,313.0
182.0,301.0
182.0,216.0
182.0,274.0
182.0,222.0
182.0,196.0
182.0,219.0
182.0,299.0
182.0,293.0
182.0,230.0
182.0,263.0
182.0,221.0
182.0,310.0
182.0,232.0
182.0,321.0
182.0,296.0
182.0,217.0
182.0,292.0
182.0,203.0
182.0,306.0
182.0,297.0
182.0,246.0
182.0,233.0
182.0,253.0
182.0,307.0
182.0,225.0
182.0,284.0
182.0,212.0
182.0,256.0
182.0,189.0
182.0,305.0
182.0,239.0
182.0,198.0
182.0,250.0
182.0,192.0
182.0,191.0
182.0,206.0
182.0,220.0
182.0,226.0
182.0,211.0
182.0,209.0
182.0,195.0
182.0,207.0
183.0,261.0
183.0,248.0
183.0,201.0
183.0,258.0
183.0,219.0
183.0,293.0
183.0,263.0
183.0,203.0
183.0,197.0
183.0,246.0
183.0,253.0
183.0,245.0
183.0,213.0
183.0,224.0
184.0,261.0
184.0,255.0
184.0,293.0
185.0,201.0
186.0,230.0
186.0,192.0
189.0,261.0
189.0,255.0
189.0,230.0
189.0,232.0
189.0,217.0
189.0,256.0
189.0,192.0
190.0,230.0
190.0,202.0
192.0,255.0
192.0,217.0
192.0,222.0
192.0,204.0
193.0,201.0
194.0,221.0
195.0,207.0
197.0,261.0
197.0,248.0
197.0,201.0
197.0,219.0
197.0,258.0
197.0,263.0
197.0,246.0
197.0,253.0
197.0,250.0
197.0,245.0
197.0,251.0
197.0,213.0
198.0,261.0
198.0,258.0
198.0,219.0
198.0,232.0
198.0,216.0
198.0,206.0
199.0,213.0
199.0,201.0
200.0,213.0
201.0,261.0
201.0,255.0
201.0,248.0
201.0,203.0
201.0,253.0
201.0,236.0
201.0,311.0
201.0,258.0
201.0,313.0
201.0,219.0
201.0,299.0
201.0,293.0
201.0,230.0
201.0,263.0
201.0,232.0
201.0,217.0
201.0,292.0
201.0,246.0
201.0,233.0
201.0,316.0
201.0,245.0
201.0,276.0
201.0,318.0
201.0,251.0
201.0,213.0
201.0,250.0
201.0,242.0
201.0,214.0
201.0,224.0
201.0,228.0
201.0,205.0
202.0,261.0
202.0,255.0
202.0,230.0
202.0,221.0
202.0,217.0
202.0,212.0
202.0,204.0
203.0,261.0
203.0,248.0
203.0,311.0
203.0,258.0
203.0,219.0
203.0,293.0
203.0,263.0
203.0,253.0
203.0,251.0
203.0,246.0
203.0,288.0
203.0,245.0
203.0,250.0
204.0,230.0
204.0,218.0
205.0,213.0
206.0,261.0
206.0,239.0
206.0,209.0
208.0,258.0
212.0,261.0
212.0,255.0
212.0,230.0
212.0,217.0
212.0,221.0
213.0,261.0
213.0,245.0
213.0,248.0
213.0,263.0
213.0,246.0
213.0,253.0
214.0,248.0
215.0,255.0
215.0,230.0
216.0,261.0
216.0,255.0
216.0,258.0
216.0,293.0
216.0,232.0
216.0,296.0
216.0,262.0
216.0,225.0
216.0,239.0
217.0,255.0
217.0,261.0
217.0,248.0
217.0,311.0
217.0,258.0
217.0,219.0
217.0,299.0
217.0,293.0
217.0,230.0
217.0,263.0
217.0,301.0
217.0,221.0
217.0,310.0
217.0,232.0
217.0,321.0
217.0,296.0
217.0,292.0
217.0,306.0
217.0,297.0
217.0,307.0
217.0,284.0
217.0,239.0
217.0,218.0
217.0,222.0
217.0,240.0
217.0,283.0
217.0,286.0
217.0,271.0
217.0,281.0
217.0,256.0
218.0,261.0
218.0,255.0
218.0,230.0
218.0,299.0
218.0,221.0
218.0,249.0
218.0,235.0
219.0,261.0
219.0,255.0
219.0,313.0
219.0,248.0
219.0,258.0
219.0,299.0
219.0,263.0
219.0,301.0
219.0,232.0
219.0,297.0
219.0,246.0
219.0,253.0
219.0,274.0
219.0,250.0
219.0,293.0
219.0,230.0
219.0,233.0
219.0,245.0
219.0,276.0
220.0,261.0
220.0,226.0
221.0,261.0
221.0,255.0
221.0,311.0
221.0,299.0
221.0,230.0
221.0,301.0
221.0,321.0
221.0,307.0
221.0,305.0
221.0,322.0
221.0,273.0
221.0,310.0
221.0,306.0
221.0,284.0
221.0,260.0
221.0,237.0
221.0,249.0
221.0,298.0
221.0,300.0
221.0,325.0
221.0,252.0
221.0,243.0
222.0,261.0
222.0,255.0
222.0,230.0
222.0,232.0
223.0,255.0
223.0,230.0
224.0,242.0
224.0,261.0
225.0,261.0
225.0,255.0
225.0,293.0
225.0,232.0
225.0,296.0
225.0,262.0
225.0,258.0
226.0,261.0
227.0,230.0
228.0,236.0
229.0,233.0
229.0,274.0
229.0,261.0
229.0,262.0
229.0,254.0
230.0,255.0
230.0,261.0
230.0,248.0
230.0,311.0
230.0,258.0
230.0,299.0
230.0,293.0
230.0,263.0
230.0,301.0
230.0,310.0
230.0,232.0
230.0,321.0
230.0,292.0
230.0,306.0
230.0,297.0
230.0,307.0
230.0,284.0
230.0,305.0
230.0,239.0
230.0,237.0
230.0,273.0
230.0,298.0
230.0,240.0
230.0,287.0
230.0,286.0
230.0,281.0
230.0,300.0
230.0,252.0
230.0,295.0
230.0,272.0
230.0,235.0
230.0,243.0
230.0,238.0
230.0,288.0
230.0,256.0
230.0,260.0
230.0,249.0
230.0,234.0
230.0,259.0
231.0,258.0
232.0,261.0
232.0,255.0
232.0,248.0
232.0,299.0
232.0,310.0
232.0,311.0
232.0,258.0
232.0,301.0
232.0,292.0
232.0,297.0
232.0,307.0
232.0,285.0
232.0,296.0
232.0,288.0
232.0,256.0
232.0,239.0
232.0,240.0
232.0,283.0
233.0,261.0
233.0,255.0
233.0,248.0
233.0,258.0
233.0,293.0
233.0,263.0
233.0,296.0
233.0,262.0
233.0,276.0
233.0,274.0
233.0,254.0
233.0,275.0
234.0,255.0
237.0,255.0
239.0,261.0
239.0,255.0
239.0,262.0
240.0,261.0
240.0,255.0
240.0,256.0
241.0,261.0
242.0,261.0
242.0,248.0
242.0,245.0
242.0,251.0
244.0,248.0
245.0,248.0
245.0,253.0
245.0,261.0
245.0,258.0
245.0,263.0
245.0,246.0
246.0,261.0
246.0,255.0
246.0,313.0
246.0,293.0
246.0,258.0
246.0,263.0
246.0,253.0
246.0,250.0
247.0,261.0
248.0,261.0
248.0,255.0
248.0,311.0
248.0,258.0
248.0,299.0
248.0,263.0
248.0,301.0
248.0,292.0
248.0,253.0
248.0,316.0
248.0,274.0
248.0,250.0
248.0,331.0
248.0,313.0
248.0,293.0
248.0,276.0
248.0,318.0
249.0,255.0
249.0,260.0
249.0,259.0
250.0,261.0
250.0,258.0
250.0,263.0
250.0,274.0
251.0,261.0
251.0,258.0
253.0,261.0
253.0,255.0
253.0,258.0
253.0,293.0
253.0,263.0
254.0,261.0
254.0,262.0
254.0,288.0
254.0,276.0
255.0,261.0
255.0,311.0
255.0,258.0
255.0,313.0
255.0,299.0
255.0,293.0
255.0,263.0
255.0,301.0
255.0,310.0
255.0,321.0
255.0,296.0
255.0,292.0
255.0,306.0
255.0,297.0
255.0,288.0
255.0,307.0
255.0,276.0
255.0,284.0
255.0,256.0
255.0,305.0
255.0,260.0
255.0,322.0
255.0,273.0
255.0,298.0
255.0,287.0
255.0,283.0
255.0,286.0
255.0,271.0
255.0,281.0
255.0,300.0
255.0,267.0
255.0,295.0
255.0,272.0
255.0,265.0
255.0,266.0
255.0,289.0
255.0,259.0
256.0,261.0
256.0,299.0
256.0,296.0
256.0,292.0
256.0,271.0
256.0,267.0
256.0,272.0
257.0,261.0
258.0,261.0
258.0,263.0
258.0,297.0
258.0,274.0
258.0,264.0
258.0,313.0
258.0,299.0
258.0,293.0
258.0,296.0
258.0,288.0
258.0,276.0
259.0,273.0
260.0,284.0
260.0,273.0
261.0,311.0
261.0,313.0
261.0,299.0
261.0,293.0
261.0,263.0
261.0,301.0
261.0,310.0
261.0,321.0
261.0,296.0
261.0,292.0
261.0,306.0
261.0,297.0
261.0,307.0
261.0,276.0
261.0,284.0
261.0,274.0
261.0,275.0
261.0,308.0
261.0,273.0
261.0,286.0
261.0,271.0
261.0,281.0
261.0,267.0
261.0,309.0
261.0,290.0
261.0,266.0
261.0,270.0
261.0,278.0
261.0,279.0
261.0,291.0
261.0,304.0
261.0,280.0
261.0,269.0
261.0,288.0
261.0,305.0
261.0,303.0
261.0,283.0
261.0,294.0
261.0,282.0
261.0,268.0
261.0,277.0
262.0,293.0
262.0,296.0
262.0,292.0
262.0,297.0
262.0,276.0
262.0,275.0
262.0,288.0
263.0,311.0
263.0,313.0
263.0,293.0
263.0,276.0
266.0,281.0
266.0,272.0
266.0,286.0
266.0,271.0
266.0,267.0
267.0,283.0
267.0,271.0
267.0,281.0
269.0,270.0
271.0,283.0
271.0,281.0
272.0,283.0
273.0,299.0
273.0,284.0
273.0,322.0
273.0,325.0
274.0,293.0
275.0,296.0
275.0,288.0
275.0,276.0
276.0,288.0
276.0,293.0
276.0,296.0
276.0,297.0
281.0,293.0
281.0,283.0
281.0,286.0
283.0,293.0
284.0,293.0
284.0,311.0
284.0,299.0
284.0,306.0
284.0,286.0
284.0,300.0
284.0,298.0
286.0,299.0
286.0,293.0
286.0,301.0
287.0,311.0
287.0,299.0
287.0,301.0
288.0,293.0
288.0,296.0
288.0,297.0
288.0,308.0
290.0,293.0
292.0,311.0
292.0,299.0
292.0,293.0
292.0,310.0
292.0,296.0
292.0,301.0
292.0,297.0
293.0,311.0
293.0,299.0
293.0,301.0
293.0,296.0
293.0,306.0
293.0,297.0
293.0,307.0
293.0,305.0
293.0,309.0
293.0,310.0
293.0,308.0
293.0,303.0
296.0,311.0
296.0,297.0
296.0,308.0
296.0,303.0
297.0,308.0
298.0,299.0
298.0,300.0
299.0,311.0
299.0,301.0
299.0,321.0
299.0,306.0
299.0,307.0
299.0,305.0
299.0,322.0
299.0,310.0
299.0,325.0
300.0,301.0
300.0,307.0
301.0,311.0
301.0,310.0
301.0,321.0
301.0,306.0
301.0,307.0
301.0,305.0
302.0,310.0
305.0,307.0
305.0,311.0
306.0,311.0
306.0,310.0
306.0,307.0
307.0,310.0
307.0,311.0
310.0,311.0
311.0,321.0
311.0,322.0
311.0,324.0
311.0,325.0
311.0,320.0
312.0,313.0
312.0,316.0
312.0,318.0
313.0,316.0
313.0,329.0
313.0,318.0
313.0,319.0
313.0,314.0
313.0,331.0
313.0,317.0
313.0,326.0
313.0,315.0
314.0,316.0
314.0,317.0
315.0,316.0
315.0,317.0
316.0,318.0
316.0,319.0
316.0,317.0
318.0,319.0
320.0,324.0
321.0,322.0
321.0,325.0
321.0,323.0
321.0,324.0
322.0,325.0
327.0,329.0
327.0,332.0
327.0,330.0
327.0,328.0
328.0,329.0
329.0,330.0
